DeliverableID,PackageID,DeliverableName,LifecycleState,ExecutionPath,StatusPathState,ContextPathState,DependencyDocState,LocalDependenciesCsvState,ImplementationEvidenceState,Notes
DEL-00-01,PKG-00,Architecture decision record baseline,SEMANTIC_READY,execution/PKG-00_Software Architecture Runway/1_Working/DEL-00-01_Architecture decision record baseline,PRESENT,PRESENT,PRESENT,MISSING,ARCHITECTURE_BASELINE,CARRIED_FORWARD_METADATA_REFRESHED_FROM_REV05_REGISTERS
DEL-00-02,PKG-00,Repository and module boundary architecture,SEMANTIC_READY,execution/PKG-00_Software Architecture Runway/1_Working/DEL-00-02_Repository and module boundary architecture,PRESENT,PRESENT,PRESENT,MISSING,ARCHITECTURE_BASELINE,CARRIED_FORWARD_METADATA_REFRESHED_FROM_REV05_REGISTERS
DEL-00-03,PKG-00,Application service command-query-job model,SEMANTIC_READY,execution/PKG-00_Software Architecture Runway/1_Working/DEL-00-03_Application service command-query-job model,PRESENT,PRESENT,PRESENT,MISSING,ARCHITECTURE_BASELINE,CARRIED_FORWARD_METADATA_REFRESHED_FROM_REV05_REGISTERS
DEL-00-04,PKG-00,Persistence and schema versioning architecture,SEMANTIC_READY,execution/PKG-00_Software Architecture Runway/1_Working/DEL-00-04_Persistence and schema versioning architecture,PRESENT,PRESENT,PRESENT,MISSING,ARCHITECTURE_BASELINE,CARRIED_FORWARD_METADATA_REFRESHED_FROM_REV05_REGISTERS
DEL-00-05,PKG-00,GUI state and interaction architecture,SEMANTIC_READY,execution/PKG-00_Software Architecture Runway/1_Working/DEL-00-05_GUI state and interaction architecture,PRESENT,PRESENT,PRESENT,MISSING,ARCHITECTURE_BASELINE,CARRIED_FORWARD_METADATA_REFRESHED_FROM_REV05_REGISTERS
DEL-00-06,PKG-00,"Diagnostics, warning, and result-envelope contract",SEMANTIC_READY,"execution/PKG-00_Software Architecture Runway/1_Working/DEL-00-06_Diagnostics, warning, and result-envelope contract",PRESENT,PRESENT,PRESENT,MISSING,ARCHITECTURE_BASELINE,CARRIED_FORWARD_METADATA_REFRESHED_FROM_REV05_REGISTERS
DEL-00-07,PKG-00,API boundary and adapter contract map,SEMANTIC_READY,execution/PKG-00_Software Architecture Runway/1_Working/DEL-00-07_API boundary and adapter contract map,PRESENT,PRESENT,PRESENT,MISSING,ARCHITECTURE_BASELINE,CARRIED_FORWARD_METADATA_REFRESHED_FROM_REV05_REGISTERS
DEL-00-08,PKG-00,Layered software test and acceptance strategy,SEMANTIC_READY,execution/PKG-00_Software Architecture Runway/1_Working/DEL-00-08_Layered software test and acceptance strategy,PRESENT,PRESENT,PRESENT,MISSING,ARCHITECTURE_BASELINE,CARRIED_FORWARD_METADATA_REFRESHED_FROM_REV05_REGISTERS
DEL-01-01,PKG-01,Project governance baseline,CHECKING,"execution/PKG-01_Governance, IP Boundary, and Professional Responsibility/1_Working/DEL-01-01_Project governance baseline",PRESENT,PRESENT,PRESENT,PRESENT,COMMITTED,CARRIED_FORWARD_METADATA_REFRESHED_FROM_REV05_REGISTERS
DEL-01-02,PKG-01,Copyright and protected-data boundary policy,CHECKING,"execution/PKG-01_Governance, IP Boundary, and Professional Responsibility/1_Working/DEL-01-02_Copyright and protected-data boundary policy",PRESENT,PRESENT,PRESENT,PRESENT,COMMITTED,CARRIED_FORWARD_METADATA_REFRESHED_FROM_REV05_REGISTERS
DEL-01-03,PKG-01,Contributor certification workflow,CHECKING,"execution/PKG-01_Governance, IP Boundary, and Professional Responsibility/1_Working/DEL-01-03_Contributor certification workflow",PRESENT,PRESENT,PRESENT,PRESENT,COMMITTED,CARRIED_FORWARD_METADATA_REFRESHED_FROM_REV05_REGISTERS
DEL-01-04,PKG-01,Professional responsibility and product-claims policy,CHECKING,"execution/PKG-01_Governance, IP Boundary, and Professional Responsibility/1_Working/DEL-01-04_Professional responsibility and product-claims policy",PRESENT,PRESENT,PRESENT,PRESENT,COMMITTED,CARRIED_FORWARD_METADATA_REFRESHED_FROM_REV05_REGISTERS; REV05_TARGETED_REVIEW_COMPLETE
DEL-02-01,PKG-02,Canonical domain model schema,CHECKING,"execution/PKG-02_Domain Model, Units, and Core Schemas/1_Working/DEL-02-01_Canonical domain model schema",PRESENT,PRESENT,PRESENT,PRESENT,COMMITTED,CARRIED_FORWARD_METADATA_REFRESHED_FROM_REV05_REGISTERS; REV05_TARGETED_REVIEW_AND_SUPPLEMENT_COMPLETE
DEL-02-02,PKG-02,Unit system and dimensional-analysis core contract,CHECKING,"execution/PKG-02_Domain Model, Units, and Core Schemas/1_Working/DEL-02-02_Unit system and dimensional-analysis core contract",PRESENT,PRESENT,PRESENT,PRESENT,COMMITTED,CARRIED_FORWARD_METADATA_REFRESHED_FROM_REV05_REGISTERS
DEL-02-03,PKG-02,Code-neutral analysis boundary model,CHECKING,"execution/PKG-02_Domain Model, Units, and Core Schemas/1_Working/DEL-02-03_Code-neutral analysis boundary model",PRESENT,PRESENT,PRESENT,PRESENT,COMMITTED,CARRIED_FORWARD_METADATA_REFRESHED_FROM_REV05_REGISTERS
DEL-02-04,PKG-02,Plugin and extension domain contracts,CHECKING,"execution/PKG-02_Domain Model, Units, and Core Schemas/1_Working/DEL-02-04_Plugin and extension domain contracts",PRESENT,PRESENT,PRESENT,PRESENT,COMMITTED,CARRIED_FORWARD_METADATA_REFRESHED_FROM_REV05_REGISTERS
DEL-02-05,PKG-02,Project persistence and round-trip serialization,CHECKING,"execution/PKG-02_Domain Model, Units, and Core Schemas/1_Working/DEL-02-05_Project persistence and round-trip serialization",PRESENT,PRESENT,PRESENT,PRESENT,COMMITTED,CARRIED_FORWARD_METADATA_REFRESHED_FROM_REV05_REGISTERS
DEL-03-01,PKG-03,Material library schema with provenance,CHECKING,"execution/PKG-03_Piping Components, Materials, and Library Data Model/1_Working/DEL-03-01_Material library schema with provenance",PRESENT,PRESENT,PRESENT,PRESENT,COMMITTED,CARRIED_FORWARD_METADATA_REFRESHED_FROM_REV05_REGISTERS
DEL-03-02,PKG-03,Pipe section and component library schema,CHECKING,"execution/PKG-03_Piping Components, Materials, and Library Data Model/1_Working/DEL-03-02_Pipe section and component library schema",PRESENT,PRESENT,PRESENT,PRESENT,COMMITTED,CARRIED_FORWARD_METADATA_REFRESHED_FROM_REV05_REGISTERS
DEL-03-03,PKG-03,Bend and elbow component model fields,CHECKING,"execution/PKG-03_Piping Components, Materials, and Library Data Model/1_Working/DEL-03-03_Bend and elbow component model fields",PRESENT,PRESENT,PRESENT,PRESENT,COMMITTED,CARRIED_FORWARD_METADATA_REFRESHED_FROM_REV05_REGISTERS
DEL-03-04,PKG-03,Branch connection component model fields,CHECKING,"execution/PKG-03_Piping Components, Materials, and Library Data Model/1_Working/DEL-03-04_Branch connection component model fields",PRESENT,PRESENT,PRESENT,PRESENT,COMMITTED,CARRIED_FORWARD_METADATA_REFRESHED_FROM_REV05_REGISTERS
DEL-03-05,PKG-03,"Rigid component models for valves, flanges, reducers, and specialty items",CHECKING,"execution/PKG-03_Piping Components, Materials, and Library Data Model/1_Working/DEL-03-05_Rigid component models for valves, flanges, reducers, and specialty items",PRESENT,PRESENT,PRESENT,PRESENT,COMMITTED,CARRIED_FORWARD_METADATA_REFRESHED_FROM_REV05_REGISTERS
DEL-03-06,PKG-03,Expansion joint component model,CHECKING,"execution/PKG-03_Piping Components, Materials, and Library Data Model/1_Working/DEL-03-06_Expansion joint component model",PRESENT,PRESENT,PRESENT,PRESENT,COMMITTED,CARRIED_FORWARD_METADATA_REFRESHED_FROM_REV05_REGISTERS
DEL-03-07,PKG-03,Public/private library import provenance checker,CHECKING,"execution/PKG-03_Piping Components, Materials, and Library Data Model/1_Working/DEL-03-07_Public-private library import provenance checker",PRESENT,PRESENT,PRESENT,PRESENT,COMMITTED,CARRIED_FORWARD_METADATA_REFRESHED_FROM_REV05_REGISTERS
DEL-03-08,PKG-03,Pipe section property and mass-property calculator,CHECKING,"execution/PKG-03_Piping Components, Materials, and Library Data Model/1_Working/DEL-03-08_Pipe section property and mass-property calculator",PRESENT,PRESENT,PRESENT,PRESENT,COMMITTED,CARRIED_FORWARD_METADATA_REFRESHED_FROM_REV05_REGISTERS
DEL-04-01,PKG-04,3D frame stiffness kernel,CHECKING,execution/PKG-04_Solver Core and Numerical Methods/1_Working/DEL-04-01_3D frame stiffness kernel,PRESENT,PRESENT,PRESENT,PRESENT,COMMITTED,CARRIED_FORWARD_METADATA_REFRESHED_FROM_REV05_REGISTERS
DEL-04-02,PKG-04,Straight pipe element,CHECKING,execution/PKG-04_Solver Core and Numerical Methods/1_Working/DEL-04-02_Straight pipe element,PRESENT,PRESENT,PRESENT,PRESENT,COMMITTED,CARRIED_FORWARD_METADATA_REFRESHED_FROM_REV05_REGISTERS
DEL-04-03,PKG-04,Linear support and restraint models,CHECKING,execution/PKG-04_Solver Core and Numerical Methods/1_Working/DEL-04-03_Linear support and restraint models,PRESENT,PRESENT,PRESENT,PRESENT,COMMITTED,CARRIED_FORWARD_METADATA_REFRESHED_FROM_REV05_REGISTERS
DEL-04-04,PKG-04,Nonlinear support active-set solver,CHECKING,execution/PKG-04_Solver Core and Numerical Methods/1_Working/DEL-04-04_Nonlinear support active-set solver,PRESENT,PRESENT,PRESENT,PRESENT,COMMITTED,CARRIED_FORWARD_METADATA_REFRESHED_FROM_REV05_REGISTERS
DEL-04-05,PKG-04,Sparse solver performance harness,CHECKING,execution/PKG-04_Solver Core and Numerical Methods/1_Working/DEL-04-05_Sparse solver performance harness,PRESENT,PRESENT,PRESENT,PRESENT,COMMITTED,CARRIED_FORWARD_METADATA_REFRESHED_FROM_REV05_REGISTERS
DEL-04-06,PKG-04,Solver diagnostics and singularity detection,CHECKING,execution/PKG-04_Solver Core and Numerical Methods/1_Working/DEL-04-06_Solver diagnostics and singularity detection,PRESENT,PRESENT,PRESENT,PRESENT,COMMITTED,CARRIED_FORWARD_METADATA_REFRESHED_FROM_REV05_REGISTERS
DEL-05-01,PKG-05,Primitive load case engine,CHECKING,"execution/PKG-05_Loads, Load Cases, and Stress Recovery/1_Working/DEL-05-01_Primitive load case engine",PRESENT,PRESENT,PRESENT,PRESENT,COMMITTED,CARRIED_FORWARD_METADATA_REFRESHED_FROM_REV05_REGISTERS
DEL-05-02,PKG-05,Load-case algebra engine,CHECKING,"execution/PKG-05_Loads, Load Cases, and Stress Recovery/1_Working/DEL-05-02_Load-case algebra engine",PRESENT,PRESENT,PRESENT,PRESENT,COMMITTED,CARRIED_FORWARD_METADATA_REFRESHED_FROM_REV05_REGISTERS
DEL-05-03,PKG-05,Fundamental stress recovery module,CHECKING,"execution/PKG-05_Loads, Load Cases, and Stress Recovery/1_Working/DEL-05-03_Fundamental stress recovery module",PRESENT,PRESENT,PRESENT,PRESENT,COMMITTED,CARRIED_FORWARD_METADATA_REFRESHED_FROM_REV05_REGISTERS
DEL-05-04,PKG-05,Analysis status semantics,CHECKING,"execution/PKG-05_Loads, Load Cases, and Stress Recovery/1_Working/DEL-05-04_Analysis status semantics",PRESENT,PRESENT,PRESENT,PRESENT,COMMITTED,CARRIED_FORWARD_METADATA_REFRESHED_FROM_REV05_REGISTERS
DEL-05-05,PKG-05,Concentrated and distributed user load application,CHECKING,"execution/PKG-05_Loads, Load Cases, and Stress Recovery/1_Working/DEL-05-05_Concentrated and distributed user load application",PRESENT,PRESENT,PRESENT,PRESENT,COMMITTED,CARRIED_FORWARD_METADATA_REFRESHED_FROM_REV05_REGISTERS
DEL-06-01,PKG-06,Rule-pack schema,CHECKING,execution/PKG-06_Rule Packs and User-Supplied Code Check Engine/1_Working/DEL-06-01_Rule-pack schema,PRESENT,PRESENT,PRESENT,PRESENT,COMMITTED,CARRIED_FORWARD_METADATA_REFRESHED_FROM_REV05_REGISTERS
DEL-06-02,PKG-06,Sandboxed unit-aware expression evaluator,CHECKING,execution/PKG-06_Rule Packs and User-Supplied Code Check Engine/1_Working/DEL-06-02_Sandboxed unit-aware expression evaluator,PRESENT,PRESENT,PRESENT,PRESENT,COMMITTED,CARRIED_FORWARD_METADATA_REFRESHED_FROM_REV05_REGISTERS
DEL-06-03,PKG-06,Required-input completeness checker,CHECKING,execution/PKG-06_Rule Packs and User-Supplied Code Check Engine/1_Working/DEL-06-03_Required-input completeness checker,PRESENT,PRESENT,PRESENT,PRESENT,COMMITTED,CARRIED_FORWARD_METADATA_REFRESHED_FROM_REV05_REGISTERS
DEL-06-04,PKG-06,Private rule-pack lifecycle and checksum handling,CHECKING,execution/PKG-06_Rule Packs and User-Supplied Code Check Engine/1_Working/DEL-06-04_Private rule-pack lifecycle and checksum handling,PRESENT,PRESENT,PRESENT,PRESENT,COMMITTED,CARRIED_FORWARD_METADATA_REFRESHED_FROM_REV05_REGISTERS
DEL-06-05,PKG-06,Invented non-code example rule pack,CHECKING,execution/PKG-06_Rule Packs and User-Supplied Code Check Engine/1_Working/DEL-06-05_Invented non-code example rule pack,PRESENT,PRESENT,PRESENT,PRESENT,COMMITTED,CARRIED_FORWARD_METADATA_REFRESHED_FROM_REV05_REGISTERS
DEL-07-01,PKG-07,3D viewport and centerline editor,CHECKING,execution/PKG-07_Graphical User Interface and Engineering Workflow/1_Working/DEL-07-01_3D viewport and centerline editor,PRESENT,PRESENT,PRESENT,PRESENT,COMMITTED,CARRIED_FORWARD_METADATA_REFRESHED_FROM_REV05_REGISTERS
DEL-07-02,PKG-07,Model tree and property inspector,CHECKING,execution/PKG-07_Graphical User Interface and Engineering Workflow/1_Working/DEL-07-02_Model tree and property inspector,PRESENT,PRESENT,PRESENT,PRESENT,WORKING_TREE,CARRIED_FORWARD_METADATA_REFRESHED_FROM_REV05_REGISTERS; DEV001_REV05_TRANCHE_L_CLOSEOUT_WORKING_TREE_EVIDENCE_2026_05_08
DEL-07-03,PKG-07,"Material, component, and rule-pack editors",CHECKING,"execution/PKG-07_Graphical User Interface and Engineering Workflow/1_Working/DEL-07-03_Material, component, and rule-pack editors",PRESENT,PRESENT,PRESENT,PRESENT,WORKING_TREE,CARRIED_FORWARD_METADATA_REFRESHED_FROM_REV05_REGISTERS; DEV001_REV05_TRANCHE_L_CLOSEOUT_WORKING_TREE_EVIDENCE_2026_05_08
DEL-07-04,PKG-07,Missing-data warning and blocking UX,CHECKING,execution/PKG-07_Graphical User Interface and Engineering Workflow/1_Working/DEL-07-04_Missing-data warning and blocking UX,PRESENT,PRESENT,PRESENT,PRESENT,WORKING_TREE,CARRIED_FORWARD_METADATA_REFRESHED_FROM_REV05_REGISTERS; DEV001_REV05_TRANCHE_L_CLOSEOUT_WORKING_TREE_EVIDENCE_2026_05_08
DEL-07-05,PKG-07,Results viewer,CHECKING,execution/PKG-07_Graphical User Interface and Engineering Workflow/1_Working/DEL-07-05_Results viewer,PRESENT,PRESENT,PRESENT,PRESENT,WORKING_TREE,CARRIED_FORWARD_METADATA_REFRESHED_FROM_REV05_REGISTERS; DEV001_REV05_TRANCHE_L_CLOSEOUT_WORKING_TREE_EVIDENCE_2026_05_08
DEL-07-06,PKG-07,Accessibility and usability baseline,SEMANTIC_READY,execution/PKG-07_Graphical User Interface and Engineering Workflow/1_Working/DEL-07-06_Accessibility and usability baseline,PRESENT,PRESENT,PRESENT,PRESENT,MISSING_EVIDENCE,CARRIED_FORWARD_METADATA_REFRESHED_FROM_REV05_REGISTERS
DEL-07-07,PKG-07,"Solve execution UX: progress, cancellation, and diagnostics",CHECKING,"execution/PKG-07_Graphical User Interface and Engineering Workflow/1_Working/DEL-07-07_Solve execution UX- progress, cancellation, and diagnostics",PRESENT,PRESENT,PRESENT,PRESENT,WORKING_TREE,CARRIED_FORWARD_METADATA_REFRESHED_FROM_REV05_REGISTERS; DEV001_REV05_TRANCHE_L_CLOSEOUT_WORKING_TREE_EVIDENCE_2026_05_08
DEL-07-08,PKG-07,Design-authoring state and comparison workspace,SEMANTIC_READY,execution/PKG-07_Graphical User Interface and Engineering Workflow/1_Working/DEL-07-08_Design-authoring state and comparison workspace,PRESENT,PRESENT,PRESENT,PRESENT,MISSING_EVIDENCE,REV05_CONTROL_SURFACE_CREATED_BY_PREPARATION_2026_05_03; LOCAL_DEPENDENCY_MIRROR_REFRESHED_FROM_APPROVED_DAG002_2026_05_03; FOUR_DOCUMENT_SEMANTIC_LENS_WORKFLOW_COMPLETED_2026_05_04
DEL-08-01,PKG-08,Calculation report generator,CHECKING,"execution/PKG-08_Reporting, Audit, and Reproducibility/1_Working/DEL-08-01_Calculation report generator",PRESENT,PRESENT,PRESENT,PRESENT,COMMITTED,CARRIED_FORWARD_METADATA_REFRESHED_FROM_REV05_REGISTERS
DEL-08-02,PKG-08,Audit manifest and model hash,CHECKING,"execution/PKG-08_Reporting, Audit, and Reproducibility/1_Working/DEL-08-02_Audit manifest and model hash",PRESENT,PRESENT,PRESENT,PRESENT,COMMITTED,CARRIED_FORWARD_METADATA_REFRESHED_FROM_REV05_REGISTERS
DEL-08-03,PKG-08,"Warnings, assumptions, and provenance report section",CHECKING,"execution/PKG-08_Reporting, Audit, and Reproducibility/1_Working/DEL-08-03_Warnings, assumptions, and provenance report section",PRESENT,PRESENT,PRESENT,PRESENT,COMMITTED,CARRIED_FORWARD_METADATA_REFRESHED_FROM_REV05_REGISTERS
DEL-08-04,PKG-08,Result export format,CHECKING,"execution/PKG-08_Reporting, Audit, and Reproducibility/1_Working/DEL-08-04_Result export format",PRESENT,PRESENT,PRESENT,PRESENT,COMMITTED,CARRIED_FORWARD_METADATA_REFRESHED_FROM_REV05_REGISTERS
DEL-08-05,PKG-08,Report protected-content linter,CHECKING,"execution/PKG-08_Reporting, Audit, and Reproducibility/1_Working/DEL-08-05_Report protected-content linter",PRESENT,PRESENT,PRESENT,PRESENT,COMMITTED,CARRIED_FORWARD_METADATA_REFRESHED_FROM_REV05_REGISTERS
DEL-08-06,PKG-08,"State, comparison, and handoff report sections",CHECKING,"execution/PKG-08_Reporting, Audit, and Reproducibility/1_Working/DEL-08-06_State, comparison, and handoff report sections",PRESENT,PRESENT,PRESENT,PRESENT,COMMITTED,REV05_CONTROL_SURFACE_CREATED_BY_PREPARATION_2026_05_03; LOCAL_DEPENDENCY_MIRROR_REFRESHED_FROM_APPROVED_DAG002_2026_05_03; FOUR_DOCUMENT_SEMANTIC_LENS_WORKFLOW_COMPLETED_2026_05_04; DEV001_REV05_TRANCHE_K_CLOSEOUT_WORKING_TREE_EVIDENCE_2026_05_07; TRANCHE_K_IMPLEMENTATION_COMMITTED_cf6ffb9_PROMOTION_2026_05_07
DEL-09-01,PKG-09,Mechanics benchmark suite,CHECKING,"execution/PKG-09_Verification, Validation, and Quality Oracles/1_Working/DEL-09-01_Mechanics benchmark suite",PRESENT,PRESENT,PRESENT,PRESENT,COMMITTED,CARRIED_FORWARD_METADATA_REFRESHED_FROM_REV05_REGISTERS
DEL-09-02,PKG-09,Stress recovery benchmark suite,CHECKING,"execution/PKG-09_Verification, Validation, and Quality Oracles/1_Working/DEL-09-02_Stress recovery benchmark suite",PRESENT,PRESENT,PRESENT,PRESENT,COMMITTED,CARRIED_FORWARD_METADATA_REFRESHED_FROM_REV05_REGISTERS
DEL-09-03,PKG-09,Nonlinear support regression suite,CHECKING,"execution/PKG-09_Verification, Validation, and Quality Oracles/1_Working/DEL-09-03_Nonlinear support regression suite",PRESENT,PRESENT,PRESENT,PRESENT,COMMITTED,TRANCHE_A_IMPLEMENTATION_COMMITTED_abdecbd_PROMOTION_2026_05_04
DEL-09-04,PKG-09,Validation manual skeleton,CHECKING,"execution/PKG-09_Verification, Validation, and Quality Oracles/1_Working/DEL-09-04_Validation manual skeleton",PRESENT,PRESENT,PRESENT,PRESENT,COMMITTED,TRANCHE_B_IMPLEMENTATION_COMMITTED_03344e6_PROMOTION_2026_05_04
DEL-09-05,PKG-09,Release quality gate checklist,CHECKING,"execution/PKG-09_Verification, Validation, and Quality Oracles/1_Working/DEL-09-05_Release quality gate checklist",PRESENT,PRESENT,PRESENT,PRESENT,COMMITTED,TRANCHE_B_IMPLEMENTATION_COMMITTED_03344e6_PROMOTION_2026_05_04
DEL-10-01,PKG-10,Public API and plugin boundary,CHECKING,"execution/PKG-10_Build, Packaging, API, and Interoperability/1_Working/DEL-10-01_Public API and plugin boundary",PRESENT,PRESENT,PRESENT,PRESENT,COMMITTED,CARRIED_FORWARD_METADATA_REFRESHED_FROM_REV05_REGISTERS
DEL-10-02,PKG-10,Import/export adapter framework,CHECKING,"execution/PKG-10_Build, Packaging, API, and Interoperability/1_Working/DEL-10-02_Import-export adapter framework",PRESENT,PRESENT,PRESENT,PRESENT,COMMITTED,CARRIED_FORWARD_METADATA_REFRESHED_FROM_REV05_REGISTERS
DEL-10-03,PKG-10,Local FEA handoff data contract,CHECKING,"execution/PKG-10_Build, Packaging, API, and Interoperability/1_Working/DEL-10-03_Local FEA handoff data contract",PRESENT,PRESENT,PRESENT,PRESENT,COMMITTED,TRANCHE_A_IMPLEMENTATION_COMMITTED_abdecbd_PROMOTION_2026_05_04
DEL-10-04,PKG-10,"Build, packaging, and CI/CD pipeline",CHECKING,"execution/PKG-10_Build, Packaging, API, and Interoperability/1_Working/DEL-10-04_Build, packaging, and CI-CD pipeline",PRESENT,PRESENT,PRESENT,PRESENT,COMMITTED,TRANCHE_C_IMPLEMENTATION_COMMITTED_PROMOTED_2026_05_04
DEL-10-05,PKG-10,Headless CLI and structured I/O analysis runner,CHECKING,"execution/PKG-10_Build, Packaging, API, and Interoperability/1_Working/DEL-10-05_Headless CLI and structured I-O analysis runner",PRESENT,PRESENT,PRESENT,PRESENT,COMMITTED,CARRIED_FORWARD_METADATA_REFRESHED_FROM_REV05_REGISTERS
DEL-11-01,PKG-11,User guide skeleton,SEMANTIC_READY,"execution/PKG-11_Documentation, Examples, and Education/1_Working/DEL-11-01_User guide skeleton",PRESENT,PRESENT,PRESENT,PRESENT,MISSING_EVIDENCE,CARRIED_FORWARD_METADATA_REFRESHED_FROM_REV05_REGISTERS
DEL-11-02,PKG-11,Developer guide for solver and rule packs,CHECKING,"execution/PKG-11_Documentation, Examples, and Education/1_Working/DEL-11-02_Developer guide for solver and rule packs",PRESENT,PRESENT,PRESENT,PRESENT,COMMITTED,TRANCHE_A_IMPLEMENTATION_COMMITTED_abdecbd_PROMOTION_2026_05_04
DEL-11-03,PKG-11,Theory notes: classical to modern centerline analysis,CHECKING,"execution/PKG-11_Documentation, Examples, and Education/1_Working/DEL-11-03_Theory notes- classical to modern centerline analysis",PRESENT,PRESENT,PRESENT,PRESENT,COMMITTED,TRANCHE_A_IMPLEMENTATION_COMMITTED_abdecbd_PROMOTION_2026_05_04
DEL-11-04,PKG-11,Invented educational example models,CHECKING,"execution/PKG-11_Documentation, Examples, and Education/1_Working/DEL-11-04_Invented educational example models",PRESENT,PRESENT,PRESENT,PRESENT,COMMITTED,TRANCHE_A_IMPLEMENTATION_COMMITTED_abdecbd_PROMOTION_2026_05_04
DEL-11-05,PKG-11,Contributor tutorial and onboarding,SEMANTIC_READY,"execution/PKG-11_Documentation, Examples, and Education/1_Working/DEL-11-05_Contributor tutorial and onboarding",PRESENT,PRESENT,PRESENT,PRESENT,MISSING_EVIDENCE,CARRIED_FORWARD_METADATA_REFRESHED_FROM_REV05_REGISTERS
DEL-12-01,PKG-12,Local-first storage and private data paths,CHECKING,"execution/PKG-12_Security, Privacy, and Private Data Handling/1_Working/DEL-12-01_Local-first storage and private data paths",PRESENT,PRESENT,PRESENT,PRESENT,COMMITTED,CARRIED_FORWARD_METADATA_REFRESHED_FROM_REV05_REGISTERS
DEL-12-02,PKG-12,Private data redaction and export controls,CHECKING,"execution/PKG-12_Security, Privacy, and Private Data Handling/1_Working/DEL-12-02_Private data redaction and export controls",PRESENT,PRESENT,PRESENT,PRESENT,COMMITTED,TRANCHE_A_IMPLEMENTATION_COMMITTED_abdecbd_PROMOTION_2026_05_04
DEL-12-03,PKG-12,Telemetry off-by-default design,CHECKING,"execution/PKG-12_Security, Privacy, and Private Data Handling/1_Working/DEL-12-03_Telemetry off-by-default design",PRESENT,PRESENT,PRESENT,PRESENT,COMMITTED,CARRIED_FORWARD_METADATA_REFRESHED_FROM_REV05_REGISTERS
DEL-12-04,PKG-12,Secret and private-library handling,SEMANTIC_READY,"execution/PKG-12_Security, Privacy, and Private Data Handling/1_Working/DEL-12-04_Secret and private-library handling",PRESENT,PRESENT,PRESENT,PRESENT,MISSING_EVIDENCE,CARRIED_FORWARD_METADATA_REFRESHED_FROM_REV05_REGISTERS
DEL-12-05,PKG-12,Security threat model,CHECKING,"execution/PKG-12_Security, Privacy, and Private Data Handling/1_Working/DEL-12-05_Security threat model",PRESENT,PRESENT,PRESENT,PRESENT,COMMITTED,CARRIED_FORWARD_METADATA_REFRESHED_FROM_REV05_REGISTERS
DEL-13-01,PKG-13,Design knowledge schema and provenance model,CHECKING,execution/PKG-13_Physical Design Knowledge and Constraint Engine/1_Working/DEL-13-01_Design knowledge schema and provenance model,PRESENT,PRESENT,PRESENT,PRESENT,COMMITTED,REV05_CONTROL_SURFACE_CREATED_BY_PREPARATION_2026_05_03; LOCAL_DEPENDENCY_MIRROR_REFRESHED_FROM_APPROVED_DAG002_2026_05_03; FOUR_DOCUMENT_SEMANTIC_LENS_WORKFLOW_COMPLETED_2026_05_04; DEV001_REV05_TRANCHE_D_WORKING_TREE_IMPLEMENTATION_2026_05_04; TRANCHE_D_IMPLEMENTATION_COMMITTED_dcdc1ac_PROMOTION_2026_05_04
DEL-13-02,PKG-13,Constraint entity and provenance model,CHECKING,execution/PKG-13_Physical Design Knowledge and Constraint Engine/1_Working/DEL-13-02_Constraint entity and provenance model,PRESENT,PRESENT,PRESENT,PRESENT,COMMITTED,REV05_CONTROL_SURFACE_CREATED_BY_PREPARATION_2026_05_03; LOCAL_DEPENDENCY_MIRROR_REFRESHED_FROM_APPROVED_DAG002_2026_05_03; FOUR_DOCUMENT_SEMANTIC_LENS_WORKFLOW_COMPLETED_2026_05_04; DEV001_REV05_TRANCHE_E_WORKING_TREE_IMPLEMENTATION_2026_05_04; TRANCHE_E_IMPLEMENTATION_COMMITTED_002263b_PROMOTION_2026_05_04
DEL-13-03,PKG-13,Constraint validation engine,CHECKING,execution/PKG-13_Physical Design Knowledge and Constraint Engine/1_Working/DEL-13-03_Constraint validation engine,PRESENT,PRESENT,PRESENT,PRESENT,COMMITTED,REV05_CONTROL_SURFACE_CREATED_BY_PREPARATION_2026_05_03; LOCAL_DEPENDENCY_MIRROR_REFRESHED_FROM_APPROVED_DAG002_2026_05_03; FOUR_DOCUMENT_SEMANTIC_LENS_WORKFLOW_COMPLETED_2026_05_04; DEV001_REV05_TRANCHE_F_WORKING_TREE_IMPLEMENTATION_2026_05_04; TRANCHE_F_IMPLEMENTATION_COMMITTED_05878bf_PROMOTION_2026_05_04
DEL-13-04,PKG-13,Physical-to-analytical transformation contract,CHECKING,execution/PKG-13_Physical Design Knowledge and Constraint Engine/1_Working/DEL-13-04_Physical-to-analytical transformation contract,PRESENT,PRESENT,PRESENT,PRESENT,COMMITTED,REV05_CONTROL_SURFACE_CREATED_BY_PREPARATION_2026_05_03; LOCAL_DEPENDENCY_MIRROR_REFRESHED_FROM_APPROVED_DAG002_2026_05_03; FOUR_DOCUMENT_SEMANTIC_LENS_WORKFLOW_COMPLETED_2026_05_04; DEV001_REV05_TRANCHE_G_CLOSEOUT_WORKING_TREE_EVIDENCE_2026_05_06; TRANCHE_G_IMPLEMENTATION_COMMITTED_24b5717_PROMOTION_2026_05_06
DEL-14-01,PKG-14,Immutable model state records,CHECKING,"execution/PKG-14_Model States, Analysis Runs, and Comparison/1_Working/DEL-14-01_Immutable model state records",PRESENT,PRESENT,PRESENT,PRESENT,COMMITTED,REV05_CONTROL_SURFACE_CREATED_BY_PREPARATION_2026_05_03; LOCAL_DEPENDENCY_MIRROR_REFRESHED_FROM_APPROVED_DAG002_2026_05_03; FOUR_DOCUMENT_SEMANTIC_LENS_WORKFLOW_COMPLETED_2026_05_04; DEV001_REV05_TRANCHE_D_WORKING_TREE_IMPLEMENTATION_2026_05_04; TRANCHE_D_IMPLEMENTATION_COMMITTED_dcdc1ac_PROMOTION_2026_05_04
DEL-14-02,PKG-14,Analysis run records,CHECKING,"execution/PKG-14_Model States, Analysis Runs, and Comparison/1_Working/DEL-14-02_Analysis run records",PRESENT,PRESENT,PRESENT,PRESENT,COMMITTED,REV05_CONTROL_SURFACE_CREATED_BY_PREPARATION_2026_05_03; LOCAL_DEPENDENCY_MIRROR_REFRESHED_FROM_APPROVED_DAG002_2026_05_03; FOUR_DOCUMENT_SEMANTIC_LENS_WORKFLOW_COMPLETED_2026_05_04; DEV001_REV05_TRANCHE_E_WORKING_TREE_IMPLEMENTATION_2026_05_04; TRANCHE_E_IMPLEMENTATION_COMMITTED_002263b_PROMOTION_2026_05_04
DEL-14-03,PKG-14,Model-state comparison engine,CHECKING,"execution/PKG-14_Model States, Analysis Runs, and Comparison/1_Working/DEL-14-03_Model-state comparison engine",PRESENT,PRESENT,PRESENT,PRESENT,COMMITTED,REV05_CONTROL_SURFACE_CREATED_BY_PREPARATION_2026_05_03; LOCAL_DEPENDENCY_MIRROR_REFRESHED_FROM_APPROVED_DAG002_2026_05_03; FOUR_DOCUMENT_SEMANTIC_LENS_WORKFLOW_COMPLETED_2026_05_04; DEV001_REV05_TRANCHE_G_CLOSEOUT_WORKING_TREE_EVIDENCE_2026_05_06; TRANCHE_G_IMPLEMENTATION_COMMITTED_24b5717_PROMOTION_2026_05_06
DEL-14-04,PKG-14,Analysis-run comparison engine,CHECKING,"execution/PKG-14_Model States, Analysis Runs, and Comparison/1_Working/DEL-14-04_Analysis-run comparison engine",PRESENT,PRESENT,PRESENT,PRESENT,COMMITTED,REV05_CONTROL_SURFACE_CREATED_BY_PREPARATION_2026_05_03; LOCAL_DEPENDENCY_MIRROR_REFRESHED_FROM_APPROVED_DAG002_2026_05_03; FOUR_DOCUMENT_SEMANTIC_LENS_WORKFLOW_COMPLETED_2026_05_04; DEV001_REV05_TRANCHE_G_CLOSEOUT_WORKING_TREE_EVIDENCE_2026_05_06; TRANCHE_G_IMPLEMENTATION_COMMITTED_24b5717_PROMOTION_2026_05_06
DEL-14-05,PKG-14,"Comparison mapping, tolerance, and export contracts",CHECKING,"execution/PKG-14_Model States, Analysis Runs, and Comparison/1_Working/DEL-14-05_Comparison mapping, tolerance, and export contracts",PRESENT,PRESENT,PRESENT,PRESENT,COMMITTED,REV05_CONTROL_SURFACE_CREATED_BY_PREPARATION_2026_05_03; LOCAL_DEPENDENCY_MIRROR_REFRESHED_FROM_APPROVED_DAG002_2026_05_03; FOUR_DOCUMENT_SEMANTIC_LENS_WORKFLOW_COMPLETED_2026_05_04; DEV001_REV05_TRANCHE_F_WORKING_TREE_IMPLEMENTATION_2026_05_04; TRANCHE_F_IMPLEMENTATION_COMMITTED_05878bf_PROMOTION_2026_05_04
DEL-15-01,PKG-15,Canonical handoff package schema and manifest,CHECKING,execution/PKG-15_Handoff and External Prover Workflow/1_Working/DEL-15-01_Canonical handoff package schema and manifest,PRESENT,PRESENT,PRESENT,PRESENT,COMMITTED,REV05_CONTROL_SURFACE_CREATED_BY_PREPARATION_2026_05_03; LOCAL_DEPENDENCY_MIRROR_REFRESHED_FROM_APPROVED_DAG002_2026_05_03; FOUR_DOCUMENT_SEMANTIC_LENS_WORKFLOW_COMPLETED_2026_05_04; DEV001_REV05_TRANCHE_F_WORKING_TREE_IMPLEMENTATION_2026_05_04; TRANCHE_F_IMPLEMENTATION_COMMITTED_05878bf_PROMOTION_2026_05_04
DEL-15-02,PKG-15,Target mapping and unsupported-behavior contract,CHECKING,execution/PKG-15_Handoff and External Prover Workflow/1_Working/DEL-15-02_Target mapping and unsupported-behavior contract,PRESENT,PRESENT,PRESENT,PRESENT,COMMITTED,REV05_CONTROL_SURFACE_CREATED_BY_PREPARATION_2026_05_03; LOCAL_DEPENDENCY_MIRROR_REFRESHED_FROM_APPROVED_DAG002_2026_05_03; FOUR_DOCUMENT_SEMANTIC_LENS_WORKFLOW_COMPLETED_2026_05_04; TRANCHE_H_IMPLEMENTATION_COMMITTED_2026_05_06
DEL-15-03,PKG-15,Downstream modeling export workflow,CHECKING,execution/PKG-15_Handoff and External Prover Workflow/1_Working/DEL-15-03_Downstream modeling export workflow,PRESENT,PRESENT,PRESENT,PRESENT,COMMITTED,REV05_CONTROL_SURFACE_CREATED_BY_PREPARATION_2026_05_03; LOCAL_DEPENDENCY_MIRROR_REFRESHED_FROM_APPROVED_DAG002_2026_05_03; FOUR_DOCUMENT_SEMANTIC_LENS_WORKFLOW_COMPLETED_2026_05_04; TRANCHE_I_IMPLEMENTATION_COMMITTED_2026_05_06
DEL-15-04,PKG-15,External prover boundary metadata,CHECKING,execution/PKG-15_Handoff and External Prover Workflow/1_Working/DEL-15-04_External prover boundary metadata,PRESENT,PRESENT,PRESENT,PRESENT,COMMITTED,REV05_CONTROL_SURFACE_CREATED_BY_PREPARATION_2026_05_03; LOCAL_DEPENDENCY_MIRROR_REFRESHED_FROM_APPROVED_DAG002_2026_05_03; FOUR_DOCUMENT_SEMANTIC_LENS_WORKFLOW_COMPLETED_2026_05_04; DEV001_REV05_TRANCHE_J_CLOSEOUT_WORKING_TREE_EVIDENCE_2026_05_07; TRANCHE_J_IMPLEMENTATION_COMMITTED_68d863b_PROMOTION_2026_05_07
DEL-16-01,PKG-16,Structured model operation schema,CHECKING,execution/PKG-16_Model Operation and Agent Proposal Framework/1_Working/DEL-16-01_Structured model operation schema,PRESENT,PRESENT,PRESENT,PRESENT,COMMITTED,REV05_CONTROL_SURFACE_CREATED_BY_PREPARATION_2026_05_03; LOCAL_DEPENDENCY_MIRROR_REFRESHED_FROM_APPROVED_DAG002_2026_05_03; FOUR_DOCUMENT_SEMANTIC_LENS_WORKFLOW_COMPLETED_2026_05_04; DEV001_REV05_TRANCHE_E_WORKING_TREE_IMPLEMENTATION_2026_05_04; TRANCHE_E_IMPLEMENTATION_COMMITTED_002263b_PROMOTION_2026_05_04
DEL-16-02,PKG-16,Operation validation and diff preview,CHECKING,execution/PKG-16_Model Operation and Agent Proposal Framework/1_Working/DEL-16-02_Operation validation and diff preview,PRESENT,PRESENT,PRESENT,PRESENT,COMMITTED,REV05_CONTROL_SURFACE_CREATED_BY_PREPARATION_2026_05_03; LOCAL_DEPENDENCY_MIRROR_REFRESHED_FROM_APPROVED_DAG002_2026_05_03; FOUR_DOCUMENT_SEMANTIC_LENS_WORKFLOW_COMPLETED_2026_05_04; TRANCHE_H_IMPLEMENTATION_COMMITTED_2026_05_06
DEL-16-03,PKG-16,User acceptance and operation audit trail,CHECKING,execution/PKG-16_Model Operation and Agent Proposal Framework/1_Working/DEL-16-03_User acceptance and operation audit trail,PRESENT,PRESENT,PRESENT,PRESENT,COMMITTED,REV05_CONTROL_SURFACE_CREATED_BY_PREPARATION_2026_05_03; LOCAL_DEPENDENCY_MIRROR_REFRESHED_FROM_APPROVED_DAG002_2026_05_03; FOUR_DOCUMENT_SEMANTIC_LENS_WORKFLOW_COMPLETED_2026_05_04; TRANCHE_I_IMPLEMENTATION_COMMITTED_2026_05_06
DEL-16-04,PKG-16,Agent rationale and professional-boundary controls,CHECKING,execution/PKG-16_Model Operation and Agent Proposal Framework/1_Working/DEL-16-04_Agent rationale and professional-boundary controls,PRESENT,PRESENT,PRESENT,PRESENT,COMMITTED,REV05_CONTROL_SURFACE_CREATED_BY_PREPARATION_2026_05_03; LOCAL_DEPENDENCY_MIRROR_REFRESHED_FROM_APPROVED_DAG002_2026_05_03; FOUR_DOCUMENT_SEMANTIC_LENS_WORKFLOW_COMPLETED_2026_05_04; DEV001_REV05_TRANCHE_J_CLOSEOUT_WORKING_TREE_EVIDENCE_2026_05_07; TRANCHE_J_IMPLEMENTATION_COMMITTED_68d863b_PROMOTION_2026_05_07
