NodeID,PackageID,DeliverableID,DeliverableName,DeliverableType,ScopeItems,Objectives,ContextEnvelope,LifecycleState,ExecutionPath,ContextPath,DependenciesPath,HasFourDocumentKit,HasSemanticMatrix,HasSemanticLensing,HasReview,SourceRegister,Notes
DEL-00-01,PKG-00,DEL-00-01,Architecture decision record baseline,DOC_UPDATE,SOW-056,OBJ-013,M,SEMANTIC_READY,execution/PKG-00_Software Architecture Runway/1_Working/DEL-00-01_Architecture decision record baseline,execution/PKG-00_Software Architecture Runway/1_Working/DEL-00-01_Architecture decision record baseline/_CONTEXT.md,execution/PKG-00_Software Architecture Runway/1_Working/DEL-00-01_Architecture decision record baseline/_DEPENDENCIES.md,FALSE,FALSE,FALSE,FALSE,docs/_Registers/Deliverables.csv,CARRIED_FORWARD_METADATA_REFRESHED_FROM_REV05_REGISTERS
DEL-00-02,PKG-00,DEL-00-02,Repository and module boundary architecture,API_CONTRACT,"SOW-057,SOW-062",OBJ-013,M,SEMANTIC_READY,execution/PKG-00_Software Architecture Runway/1_Working/DEL-00-02_Repository and module boundary architecture,execution/PKG-00_Software Architecture Runway/1_Working/DEL-00-02_Repository and module boundary architecture/_CONTEXT.md,execution/PKG-00_Software Architecture Runway/1_Working/DEL-00-02_Repository and module boundary architecture/_DEPENDENCIES.md,FALSE,FALSE,FALSE,FALSE,docs/_Registers/Deliverables.csv,CARRIED_FORWARD_METADATA_REFRESHED_FROM_REV05_REGISTERS
DEL-00-03,PKG-00,DEL-00-03,Application service command-query-job model,API_CONTRACT,"SOW-058,SOW-062",OBJ-013,L,SEMANTIC_READY,execution/PKG-00_Software Architecture Runway/1_Working/DEL-00-03_Application service command-query-job model,execution/PKG-00_Software Architecture Runway/1_Working/DEL-00-03_Application service command-query-job model/_CONTEXT.md,execution/PKG-00_Software Architecture Runway/1_Working/DEL-00-03_Application service command-query-job model/_DEPENDENCIES.md,FALSE,FALSE,FALSE,FALSE,docs/_Registers/Deliverables.csv,CARRIED_FORWARD_METADATA_REFRESHED_FROM_REV05_REGISTERS
DEL-00-04,PKG-00,DEL-00-04,Persistence and schema versioning architecture,DATA_MODEL_CHANGE,SOW-059,OBJ-013,L,SEMANTIC_READY,execution/PKG-00_Software Architecture Runway/1_Working/DEL-00-04_Persistence and schema versioning architecture,execution/PKG-00_Software Architecture Runway/1_Working/DEL-00-04_Persistence and schema versioning architecture/_CONTEXT.md,execution/PKG-00_Software Architecture Runway/1_Working/DEL-00-04_Persistence and schema versioning architecture/_DEPENDENCIES.md,FALSE,FALSE,FALSE,FALSE,docs/_Registers/Deliverables.csv,CARRIED_FORWARD_METADATA_REFRESHED_FROM_REV05_REGISTERS
DEL-00-05,PKG-00,DEL-00-05,GUI state and interaction architecture,UX_UI_SLICE,SOW-060,OBJ-013,L,SEMANTIC_READY,execution/PKG-00_Software Architecture Runway/1_Working/DEL-00-05_GUI state and interaction architecture,execution/PKG-00_Software Architecture Runway/1_Working/DEL-00-05_GUI state and interaction architecture/_CONTEXT.md,execution/PKG-00_Software Architecture Runway/1_Working/DEL-00-05_GUI state and interaction architecture/_DEPENDENCIES.md,FALSE,FALSE,FALSE,FALSE,docs/_Registers/Deliverables.csv,CARRIED_FORWARD_METADATA_REFRESHED_FROM_REV05_REGISTERS
DEL-00-06,PKG-00,DEL-00-06,"Diagnostics, warning, and result-envelope contract",DATA_MODEL_CHANGE,SOW-061,OBJ-013,M,SEMANTIC_READY,"execution/PKG-00_Software Architecture Runway/1_Working/DEL-00-06_Diagnostics, warning, and result-envelope contract","execution/PKG-00_Software Architecture Runway/1_Working/DEL-00-06_Diagnostics, warning, and result-envelope contract/_CONTEXT.md","execution/PKG-00_Software Architecture Runway/1_Working/DEL-00-06_Diagnostics, warning, and result-envelope contract/_DEPENDENCIES.md",FALSE,FALSE,FALSE,FALSE,docs/_Registers/Deliverables.csv,CARRIED_FORWARD_METADATA_REFRESHED_FROM_REV05_REGISTERS
DEL-00-07,PKG-00,DEL-00-07,API boundary and adapter contract map,API_CONTRACT,SOW-062,OBJ-013,M,SEMANTIC_READY,execution/PKG-00_Software Architecture Runway/1_Working/DEL-00-07_API boundary and adapter contract map,execution/PKG-00_Software Architecture Runway/1_Working/DEL-00-07_API boundary and adapter contract map/_CONTEXT.md,execution/PKG-00_Software Architecture Runway/1_Working/DEL-00-07_API boundary and adapter contract map/_DEPENDENCIES.md,FALSE,FALSE,FALSE,FALSE,docs/_Registers/Deliverables.csv,CARRIED_FORWARD_METADATA_REFRESHED_FROM_REV05_REGISTERS
DEL-00-08,PKG-00,DEL-00-08,Layered software test and acceptance strategy,TEST_SUITE,SOW-063,OBJ-013,M,SEMANTIC_READY,execution/PKG-00_Software Architecture Runway/1_Working/DEL-00-08_Layered software test and acceptance strategy,execution/PKG-00_Software Architecture Runway/1_Working/DEL-00-08_Layered software test and acceptance strategy/_CONTEXT.md,execution/PKG-00_Software Architecture Runway/1_Working/DEL-00-08_Layered software test and acceptance strategy/_DEPENDENCIES.md,FALSE,FALSE,FALSE,FALSE,docs/_Registers/Deliverables.csv,CARRIED_FORWARD_METADATA_REFRESHED_FROM_REV05_REGISTERS
DEL-01-01,PKG-01,DEL-01-01,Project governance baseline,DOC_UPDATE,"SOW-001,SOW-048","OBJ-001,OBJ-002",M,CHECKING,"execution/PKG-01_Governance, IP Boundary, and Professional Responsibility/1_Working/DEL-01-01_Project governance baseline","execution/PKG-01_Governance, IP Boundary, and Professional Responsibility/1_Working/DEL-01-01_Project governance baseline/_CONTEXT.md","execution/PKG-01_Governance, IP Boundary, and Professional Responsibility/1_Working/DEL-01-01_Project governance baseline/_DEPENDENCIES.md",FALSE,FALSE,FALSE,FALSE,docs/_Registers/Deliverables.csv,CARRIED_FORWARD_METADATA_REFRESHED_FROM_REV05_REGISTERS
DEL-01-02,PKG-01,DEL-01-02,Copyright and protected-data boundary policy,DOC_UPDATE,"SOW-003,SOW-028",OBJ-002,M,CHECKING,"execution/PKG-01_Governance, IP Boundary, and Professional Responsibility/1_Working/DEL-01-02_Copyright and protected-data boundary policy","execution/PKG-01_Governance, IP Boundary, and Professional Responsibility/1_Working/DEL-01-02_Copyright and protected-data boundary policy/_CONTEXT.md","execution/PKG-01_Governance, IP Boundary, and Professional Responsibility/1_Working/DEL-01-02_Copyright and protected-data boundary policy/_DEPENDENCIES.md",TRUE,FALSE,FALSE,FALSE,docs/_Registers/Deliverables.csv,CARRIED_FORWARD_METADATA_REFRESHED_FROM_REV05_REGISTERS
DEL-01-03,PKG-01,DEL-01-03,Contributor certification workflow,DOC_UPDATE,"SOW-028,SOW-048",OBJ-002,S,CHECKING,"execution/PKG-01_Governance, IP Boundary, and Professional Responsibility/1_Working/DEL-01-03_Contributor certification workflow","execution/PKG-01_Governance, IP Boundary, and Professional Responsibility/1_Working/DEL-01-03_Contributor certification workflow/_CONTEXT.md","execution/PKG-01_Governance, IP Boundary, and Professional Responsibility/1_Working/DEL-01-03_Contributor certification workflow/_DEPENDENCIES.md",TRUE,FALSE,FALSE,FALSE,docs/_Registers/Deliverables.csv,CARRIED_FORWARD_METADATA_REFRESHED_FROM_REV05_REGISTERS
DEL-01-04,PKG-01,DEL-01-04,Professional responsibility and product-claims policy,DOC_UPDATE,"SOW-034,SOW-064","OBJ-011,OBJ-018",S,CHECKING,"execution/PKG-01_Governance, IP Boundary, and Professional Responsibility/1_Working/DEL-01-04_Professional responsibility and product-claims policy","execution/PKG-01_Governance, IP Boundary, and Professional Responsibility/1_Working/DEL-01-04_Professional responsibility and product-claims policy/_CONTEXT.md","execution/PKG-01_Governance, IP Boundary, and Professional Responsibility/1_Working/DEL-01-04_Professional responsibility and product-claims policy/_DEPENDENCIES.md",TRUE,FALSE,FALSE,FALSE,docs/_Registers/Deliverables.csv,CARRIED_FORWARD_METADATA_REFRESHED_FROM_REV05_REGISTERS; TARGETED_SCOPE_REVIEW_REQUIRED
DEL-02-01,PKG-02,DEL-02-01,Canonical domain model schema,DATA_MODEL_CHANGE,"SOW-041,SOW-065","OBJ-001,OBJ-012,OBJ-014",M,CHECKING,"execution/PKG-02_Domain Model, Units, and Core Schemas/1_Working/DEL-02-01_Canonical domain model schema","execution/PKG-02_Domain Model, Units, and Core Schemas/1_Working/DEL-02-01_Canonical domain model schema/_CONTEXT.md","execution/PKG-02_Domain Model, Units, and Core Schemas/1_Working/DEL-02-01_Canonical domain model schema/_DEPENDENCIES.md",TRUE,FALSE,FALSE,FALSE,docs/_Registers/Deliverables.csv,CARRIED_FORWARD_METADATA_REFRESHED_FROM_REV05_REGISTERS; TARGETED_SCOPE_REVIEW_REQUIRED
DEL-02-02,PKG-02,DEL-02-02,Unit system and dimensional-analysis core contract,BACKEND_FEATURE_SLICE,SOW-025,"OBJ-001,OBJ-012",M,CHECKING,"execution/PKG-02_Domain Model, Units, and Core Schemas/1_Working/DEL-02-02_Unit system and dimensional-analysis core contract","execution/PKG-02_Domain Model, Units, and Core Schemas/1_Working/DEL-02-02_Unit system and dimensional-analysis core contract/_CONTEXT.md","execution/PKG-02_Domain Model, Units, and Core Schemas/1_Working/DEL-02-02_Unit system and dimensional-analysis core contract/_DEPENDENCIES.md",TRUE,FALSE,FALSE,FALSE,docs/_Registers/Deliverables.csv,CARRIED_FORWARD_METADATA_REFRESHED_FROM_REV05_REGISTERS
DEL-02-03,PKG-02,DEL-02-03,Code-neutral analysis boundary model,DATA_MODEL_CHANGE,SOW-002,"OBJ-001,OBJ-011",S,CHECKING,"execution/PKG-02_Domain Model, Units, and Core Schemas/1_Working/DEL-02-03_Code-neutral analysis boundary model","execution/PKG-02_Domain Model, Units, and Core Schemas/1_Working/DEL-02-03_Code-neutral analysis boundary model/_CONTEXT.md","execution/PKG-02_Domain Model, Units, and Core Schemas/1_Working/DEL-02-03_Code-neutral analysis boundary model/_DEPENDENCIES.md",TRUE,FALSE,FALSE,FALSE,docs/_Registers/Deliverables.csv,CARRIED_FORWARD_METADATA_REFRESHED_FROM_REV05_REGISTERS
DEL-02-04,PKG-02,DEL-02-04,Plugin and extension domain contracts,API_CONTRACT,SOW-038,OBJ-009,M,CHECKING,"execution/PKG-02_Domain Model, Units, and Core Schemas/1_Working/DEL-02-04_Plugin and extension domain contracts","execution/PKG-02_Domain Model, Units, and Core Schemas/1_Working/DEL-02-04_Plugin and extension domain contracts/_CONTEXT.md","execution/PKG-02_Domain Model, Units, and Core Schemas/1_Working/DEL-02-04_Plugin and extension domain contracts/_DEPENDENCIES.md",TRUE,FALSE,FALSE,FALSE,docs/_Registers/Deliverables.csv,CARRIED_FORWARD_METADATA_REFRESHED_FROM_REV05_REGISTERS
DEL-02-05,PKG-02,DEL-02-05,Project persistence and round-trip serialization,DATA_MODEL_CHANGE,"SOW-050,SOW-041","OBJ-001,OBJ-012",M,CHECKING,"execution/PKG-02_Domain Model, Units, and Core Schemas/1_Working/DEL-02-05_Project persistence and round-trip serialization","execution/PKG-02_Domain Model, Units, and Core Schemas/1_Working/DEL-02-05_Project persistence and round-trip serialization/_CONTEXT.md","execution/PKG-02_Domain Model, Units, and Core Schemas/1_Working/DEL-02-05_Project persistence and round-trip serialization/_DEPENDENCIES.md",TRUE,FALSE,FALSE,FALSE,docs/_Registers/Deliverables.csv,CARRIED_FORWARD_METADATA_REFRESHED_FROM_REV05_REGISTERS
DEL-03-01,PKG-03,DEL-03-01,Material library schema with provenance,DATA_MODEL_CHANGE,SOW-017,OBJ-004,M,CHECKING,"execution/PKG-03_Piping Components, Materials, and Library Data Model/1_Working/DEL-03-01_Material library schema with provenance","execution/PKG-03_Piping Components, Materials, and Library Data Model/1_Working/DEL-03-01_Material library schema with provenance/_CONTEXT.md","execution/PKG-03_Piping Components, Materials, and Library Data Model/1_Working/DEL-03-01_Material library schema with provenance/_DEPENDENCIES.md",TRUE,FALSE,FALSE,FALSE,docs/_Registers/Deliverables.csv,CARRIED_FORWARD_METADATA_REFRESHED_FROM_REV05_REGISTERS
DEL-03-02,PKG-03,DEL-03-02,Pipe section and component library schema,DATA_MODEL_CHANGE,SOW-018,OBJ-004,M,CHECKING,"execution/PKG-03_Piping Components, Materials, and Library Data Model/1_Working/DEL-03-02_Pipe section and component library schema","execution/PKG-03_Piping Components, Materials, and Library Data Model/1_Working/DEL-03-02_Pipe section and component library schema/_CONTEXT.md","execution/PKG-03_Piping Components, Materials, and Library Data Model/1_Working/DEL-03-02_Pipe section and component library schema/_DEPENDENCIES.md",TRUE,FALSE,FALSE,FALSE,docs/_Registers/Deliverables.csv,CARRIED_FORWARD_METADATA_REFRESHED_FROM_REV05_REGISTERS
DEL-03-03,PKG-03,DEL-03-03,Bend and elbow component model fields,BACKEND_FEATURE_SLICE,SOW-007,OBJ-004,S,CHECKING,"execution/PKG-03_Piping Components, Materials, and Library Data Model/1_Working/DEL-03-03_Bend and elbow component model fields","execution/PKG-03_Piping Components, Materials, and Library Data Model/1_Working/DEL-03-03_Bend and elbow component model fields/_CONTEXT.md","execution/PKG-03_Piping Components, Materials, and Library Data Model/1_Working/DEL-03-03_Bend and elbow component model fields/_DEPENDENCIES.md",TRUE,FALSE,FALSE,FALSE,docs/_Registers/Deliverables.csv,CARRIED_FORWARD_METADATA_REFRESHED_FROM_REV05_REGISTERS
DEL-03-04,PKG-03,DEL-03-04,Branch connection component model fields,BACKEND_FEATURE_SLICE,SOW-008,OBJ-004,M,CHECKING,"execution/PKG-03_Piping Components, Materials, and Library Data Model/1_Working/DEL-03-04_Branch connection component model fields","execution/PKG-03_Piping Components, Materials, and Library Data Model/1_Working/DEL-03-04_Branch connection component model fields/_CONTEXT.md","execution/PKG-03_Piping Components, Materials, and Library Data Model/1_Working/DEL-03-04_Branch connection component model fields/_DEPENDENCIES.md",TRUE,FALSE,FALSE,FALSE,docs/_Registers/Deliverables.csv,CARRIED_FORWARD_METADATA_REFRESHED_FROM_REV05_REGISTERS
DEL-03-05,PKG-03,DEL-03-05,"Rigid component models for valves, flanges, reducers, and specialty items",BACKEND_FEATURE_SLICE,SOW-009,OBJ-004,M,CHECKING,"execution/PKG-03_Piping Components, Materials, and Library Data Model/1_Working/DEL-03-05_Rigid component models for valves, flanges, reducers, and specialty items","execution/PKG-03_Piping Components, Materials, and Library Data Model/1_Working/DEL-03-05_Rigid component models for valves, flanges, reducers, and specialty items/_CONTEXT.md","execution/PKG-03_Piping Components, Materials, and Library Data Model/1_Working/DEL-03-05_Rigid component models for valves, flanges, reducers, and specialty items/_DEPENDENCIES.md",TRUE,FALSE,FALSE,FALSE,docs/_Registers/Deliverables.csv,CARRIED_FORWARD_METADATA_REFRESHED_FROM_REV05_REGISTERS
DEL-03-06,PKG-03,DEL-03-06,Expansion joint component model,BACKEND_FEATURE_SLICE,SOW-010,OBJ-004,M,CHECKING,"execution/PKG-03_Piping Components, Materials, and Library Data Model/1_Working/DEL-03-06_Expansion joint component model","execution/PKG-03_Piping Components, Materials, and Library Data Model/1_Working/DEL-03-06_Expansion joint component model/_CONTEXT.md","execution/PKG-03_Piping Components, Materials, and Library Data Model/1_Working/DEL-03-06_Expansion joint component model/_DEPENDENCIES.md",TRUE,FALSE,FALSE,FALSE,docs/_Registers/Deliverables.csv,CARRIED_FORWARD_METADATA_REFRESHED_FROM_REV05_REGISTERS
DEL-03-07,PKG-03,DEL-03-07,Public/private library import provenance checker,BACKEND_FEATURE_SLICE,"SOW-019,SOW-044","OBJ-002,OBJ-004",M,CHECKING,"execution/PKG-03_Piping Components, Materials, and Library Data Model/1_Working/DEL-03-07_Public-private library import provenance checker","execution/PKG-03_Piping Components, Materials, and Library Data Model/1_Working/DEL-03-07_Public-private library import provenance checker/_CONTEXT.md","execution/PKG-03_Piping Components, Materials, and Library Data Model/1_Working/DEL-03-07_Public-private library import provenance checker/_DEPENDENCIES.md",TRUE,FALSE,FALSE,FALSE,docs/_Registers/Deliverables.csv,CARRIED_FORWARD_METADATA_REFRESHED_FROM_REV05_REGISTERS
DEL-03-08,PKG-03,DEL-03-08,Pipe section property and mass-property calculator,BACKEND_FEATURE_SLICE,"SOW-051,SOW-018","OBJ-004,OBJ-012",M,CHECKING,"execution/PKG-03_Piping Components, Materials, and Library Data Model/1_Working/DEL-03-08_Pipe section property and mass-property calculator","execution/PKG-03_Piping Components, Materials, and Library Data Model/1_Working/DEL-03-08_Pipe section property and mass-property calculator/_CONTEXT.md","execution/PKG-03_Piping Components, Materials, and Library Data Model/1_Working/DEL-03-08_Pipe section property and mass-property calculator/_DEPENDENCIES.md",TRUE,FALSE,FALSE,FALSE,docs/_Registers/Deliverables.csv,CARRIED_FORWARD_METADATA_REFRESHED_FROM_REV05_REGISTERS
DEL-04-01,PKG-04,DEL-04-01,3D frame stiffness kernel,BACKEND_FEATURE_SLICE,"SOW-005,SOW-035",OBJ-003,L,CHECKING,execution/PKG-04_Solver Core and Numerical Methods/1_Working/DEL-04-01_3D frame stiffness kernel,execution/PKG-04_Solver Core and Numerical Methods/1_Working/DEL-04-01_3D frame stiffness kernel/_CONTEXT.md,execution/PKG-04_Solver Core and Numerical Methods/1_Working/DEL-04-01_3D frame stiffness kernel/_DEPENDENCIES.md,TRUE,FALSE,FALSE,FALSE,docs/_Registers/Deliverables.csv,CARRIED_FORWARD_METADATA_REFRESHED_FROM_REV05_REGISTERS
DEL-04-02,PKG-04,DEL-04-02,Straight pipe element,BACKEND_FEATURE_SLICE,SOW-006,OBJ-003,M,CHECKING,execution/PKG-04_Solver Core and Numerical Methods/1_Working/DEL-04-02_Straight pipe element,execution/PKG-04_Solver Core and Numerical Methods/1_Working/DEL-04-02_Straight pipe element/_CONTEXT.md,execution/PKG-04_Solver Core and Numerical Methods/1_Working/DEL-04-02_Straight pipe element/_DEPENDENCIES.md,TRUE,FALSE,FALSE,FALSE,docs/_Registers/Deliverables.csv,CARRIED_FORWARD_METADATA_REFRESHED_FROM_REV05_REGISTERS
DEL-04-03,PKG-04,DEL-04-03,Linear support and restraint models,BACKEND_FEATURE_SLICE,SOW-011,OBJ-003,M,CHECKING,execution/PKG-04_Solver Core and Numerical Methods/1_Working/DEL-04-03_Linear support and restraint models,execution/PKG-04_Solver Core and Numerical Methods/1_Working/DEL-04-03_Linear support and restraint models/_CONTEXT.md,execution/PKG-04_Solver Core and Numerical Methods/1_Working/DEL-04-03_Linear support and restraint models/_DEPENDENCIES.md,TRUE,FALSE,FALSE,FALSE,docs/_Registers/Deliverables.csv,CARRIED_FORWARD_METADATA_REFRESHED_FROM_REV05_REGISTERS
DEL-04-04,PKG-04,DEL-04-04,Nonlinear support active-set solver,BACKEND_FEATURE_SLICE,SOW-012,OBJ-003,L,CHECKING,execution/PKG-04_Solver Core and Numerical Methods/1_Working/DEL-04-04_Nonlinear support active-set solver,execution/PKG-04_Solver Core and Numerical Methods/1_Working/DEL-04-04_Nonlinear support active-set solver/_CONTEXT.md,execution/PKG-04_Solver Core and Numerical Methods/1_Working/DEL-04-04_Nonlinear support active-set solver/_DEPENDENCIES.md,TRUE,FALSE,FALSE,FALSE,docs/_Registers/Deliverables.csv,CARRIED_FORWARD_METADATA_REFRESHED_FROM_REV05_REGISTERS
DEL-04-05,PKG-04,DEL-04-05,Sparse solver performance harness,TEST_SUITE,SOW-035,"OBJ-003,OBJ-008",M,CHECKING,execution/PKG-04_Solver Core and Numerical Methods/1_Working/DEL-04-05_Sparse solver performance harness,execution/PKG-04_Solver Core and Numerical Methods/1_Working/DEL-04-05_Sparse solver performance harness/_CONTEXT.md,execution/PKG-04_Solver Core and Numerical Methods/1_Working/DEL-04-05_Sparse solver performance harness/_DEPENDENCIES.md,TRUE,FALSE,FALSE,FALSE,docs/_Registers/Deliverables.csv,CARRIED_FORWARD_METADATA_REFRESHED_FROM_REV05_REGISTERS
DEL-04-06,PKG-04,DEL-04-06,Solver diagnostics and singularity detection,BACKEND_FEATURE_SLICE,"SOW-053,SOW-035","OBJ-003,OBJ-008,OBJ-012",M,CHECKING,execution/PKG-04_Solver Core and Numerical Methods/1_Working/DEL-04-06_Solver diagnostics and singularity detection,execution/PKG-04_Solver Core and Numerical Methods/1_Working/DEL-04-06_Solver diagnostics and singularity detection/_CONTEXT.md,execution/PKG-04_Solver Core and Numerical Methods/1_Working/DEL-04-06_Solver diagnostics and singularity detection/_DEPENDENCIES.md,TRUE,FALSE,FALSE,FALSE,docs/_Registers/Deliverables.csv,CARRIED_FORWARD_METADATA_REFRESHED_FROM_REV05_REGISTERS
DEL-05-01,PKG-05,DEL-05-01,Primitive load case engine,BACKEND_FEATURE_SLICE,SOW-013,OBJ-003,M,CHECKING,"execution/PKG-05_Loads, Load Cases, and Stress Recovery/1_Working/DEL-05-01_Primitive load case engine","execution/PKG-05_Loads, Load Cases, and Stress Recovery/1_Working/DEL-05-01_Primitive load case engine/_CONTEXT.md","execution/PKG-05_Loads, Load Cases, and Stress Recovery/1_Working/DEL-05-01_Primitive load case engine/_DEPENDENCIES.md",TRUE,FALSE,FALSE,FALSE,docs/_Registers/Deliverables.csv,CARRIED_FORWARD_METADATA_REFRESHED_FROM_REV05_REGISTERS
DEL-05-02,PKG-05,DEL-05-02,Load-case algebra engine,BACKEND_FEATURE_SLICE,SOW-014,"OBJ-003,OBJ-005",M,CHECKING,"execution/PKG-05_Loads, Load Cases, and Stress Recovery/1_Working/DEL-05-02_Load-case algebra engine","execution/PKG-05_Loads, Load Cases, and Stress Recovery/1_Working/DEL-05-02_Load-case algebra engine/_CONTEXT.md","execution/PKG-05_Loads, Load Cases, and Stress Recovery/1_Working/DEL-05-02_Load-case algebra engine/_DEPENDENCIES.md",TRUE,FALSE,FALSE,FALSE,docs/_Registers/Deliverables.csv,CARRIED_FORWARD_METADATA_REFRESHED_FROM_REV05_REGISTERS
DEL-05-03,PKG-05,DEL-05-03,Fundamental stress recovery module,BACKEND_FEATURE_SLICE,SOW-015,OBJ-003,M,CHECKING,"execution/PKG-05_Loads, Load Cases, and Stress Recovery/1_Working/DEL-05-03_Fundamental stress recovery module","execution/PKG-05_Loads, Load Cases, and Stress Recovery/1_Working/DEL-05-03_Fundamental stress recovery module/_CONTEXT.md","execution/PKG-05_Loads, Load Cases, and Stress Recovery/1_Working/DEL-05-03_Fundamental stress recovery module/_DEPENDENCIES.md",TRUE,FALSE,FALSE,FALSE,docs/_Registers/Deliverables.csv,CARRIED_FORWARD_METADATA_REFRESHED_FROM_REV05_REGISTERS
DEL-05-04,PKG-05,DEL-05-04,Analysis status semantics,DATA_MODEL_CHANGE,SOW-047,"OBJ-005,OBJ-011",S,CHECKING,"execution/PKG-05_Loads, Load Cases, and Stress Recovery/1_Working/DEL-05-04_Analysis status semantics","execution/PKG-05_Loads, Load Cases, and Stress Recovery/1_Working/DEL-05-04_Analysis status semantics/_CONTEXT.md","execution/PKG-05_Loads, Load Cases, and Stress Recovery/1_Working/DEL-05-04_Analysis status semantics/_DEPENDENCIES.md",TRUE,FALSE,FALSE,FALSE,docs/_Registers/Deliverables.csv,CARRIED_FORWARD_METADATA_REFRESHED_FROM_REV05_REGISTERS
DEL-05-05,PKG-05,DEL-05-05,Concentrated and distributed user load application,BACKEND_FEATURE_SLICE,"SOW-052,SOW-013","OBJ-003,OBJ-012",M,CHECKING,"execution/PKG-05_Loads, Load Cases, and Stress Recovery/1_Working/DEL-05-05_Concentrated and distributed user load application","execution/PKG-05_Loads, Load Cases, and Stress Recovery/1_Working/DEL-05-05_Concentrated and distributed user load application/_CONTEXT.md","execution/PKG-05_Loads, Load Cases, and Stress Recovery/1_Working/DEL-05-05_Concentrated and distributed user load application/_DEPENDENCIES.md",TRUE,FALSE,FALSE,FALSE,docs/_Registers/Deliverables.csv,CARRIED_FORWARD_METADATA_REFRESHED_FROM_REV05_REGISTERS
DEL-06-01,PKG-06,DEL-06-01,Rule-pack schema,DATA_MODEL_CHANGE,"SOW-016,SOW-042",OBJ-005,M,CHECKING,execution/PKG-06_Rule Packs and User-Supplied Code Check Engine/1_Working/DEL-06-01_Rule-pack schema,execution/PKG-06_Rule Packs and User-Supplied Code Check Engine/1_Working/DEL-06-01_Rule-pack schema/_CONTEXT.md,execution/PKG-06_Rule Packs and User-Supplied Code Check Engine/1_Working/DEL-06-01_Rule-pack schema/_DEPENDENCIES.md,TRUE,FALSE,FALSE,FALSE,docs/_Registers/Deliverables.csv,CARRIED_FORWARD_METADATA_REFRESHED_FROM_REV05_REGISTERS
DEL-06-02,PKG-06,DEL-06-02,Sandboxed unit-aware expression evaluator,BACKEND_FEATURE_SLICE,SOW-045,OBJ-005,L,CHECKING,execution/PKG-06_Rule Packs and User-Supplied Code Check Engine/1_Working/DEL-06-02_Sandboxed unit-aware expression evaluator,execution/PKG-06_Rule Packs and User-Supplied Code Check Engine/1_Working/DEL-06-02_Sandboxed unit-aware expression evaluator/_CONTEXT.md,execution/PKG-06_Rule Packs and User-Supplied Code Check Engine/1_Working/DEL-06-02_Sandboxed unit-aware expression evaluator/_DEPENDENCIES.md,TRUE,FALSE,FALSE,FALSE,docs/_Registers/Deliverables.csv,CARRIED_FORWARD_METADATA_REFRESHED_FROM_REV05_REGISTERS
DEL-06-03,PKG-06,DEL-06-03,Required-input completeness checker,BACKEND_FEATURE_SLICE,SOW-004,"OBJ-002,OBJ-005",M,CHECKING,execution/PKG-06_Rule Packs and User-Supplied Code Check Engine/1_Working/DEL-06-03_Required-input completeness checker,execution/PKG-06_Rule Packs and User-Supplied Code Check Engine/1_Working/DEL-06-03_Required-input completeness checker/_CONTEXT.md,execution/PKG-06_Rule Packs and User-Supplied Code Check Engine/1_Working/DEL-06-03_Required-input completeness checker/_DEPENDENCIES.md,TRUE,FALSE,FALSE,FALSE,docs/_Registers/Deliverables.csv,CARRIED_FORWARD_METADATA_REFRESHED_FROM_REV05_REGISTERS
DEL-06-04,PKG-06,DEL-06-04,Private rule-pack lifecycle and checksum handling,BACKEND_FEATURE_SLICE,SOW-042,"OBJ-002,OBJ-005",M,CHECKING,execution/PKG-06_Rule Packs and User-Supplied Code Check Engine/1_Working/DEL-06-04_Private rule-pack lifecycle and checksum handling,execution/PKG-06_Rule Packs and User-Supplied Code Check Engine/1_Working/DEL-06-04_Private rule-pack lifecycle and checksum handling/_CONTEXT.md,execution/PKG-06_Rule Packs and User-Supplied Code Check Engine/1_Working/DEL-06-04_Private rule-pack lifecycle and checksum handling/_DEPENDENCIES.md,TRUE,FALSE,FALSE,FALSE,docs/_Registers/Deliverables.csv,CARRIED_FORWARD_METADATA_REFRESHED_FROM_REV05_REGISTERS
DEL-06-05,PKG-06,DEL-06-05,Invented non-code example rule pack,DOC_UPDATE,SOW-016,"OBJ-005,OBJ-011",S,CHECKING,execution/PKG-06_Rule Packs and User-Supplied Code Check Engine/1_Working/DEL-06-05_Invented non-code example rule pack,execution/PKG-06_Rule Packs and User-Supplied Code Check Engine/1_Working/DEL-06-05_Invented non-code example rule pack/_CONTEXT.md,execution/PKG-06_Rule Packs and User-Supplied Code Check Engine/1_Working/DEL-06-05_Invented non-code example rule pack/_DEPENDENCIES.md,TRUE,FALSE,FALSE,FALSE,docs/_Registers/Deliverables.csv,CARRIED_FORWARD_METADATA_REFRESHED_FROM_REV05_REGISTERS
DEL-07-01,PKG-07,DEL-07-01,3D viewport and centerline editor,UX_UI_SLICE,SOW-020,OBJ-006,L,CHECKING,execution/PKG-07_Graphical User Interface and Engineering Workflow/1_Working/DEL-07-01_3D viewport and centerline editor,execution/PKG-07_Graphical User Interface and Engineering Workflow/1_Working/DEL-07-01_3D viewport and centerline editor/_CONTEXT.md,execution/PKG-07_Graphical User Interface and Engineering Workflow/1_Working/DEL-07-01_3D viewport and centerline editor/_DEPENDENCIES.md,TRUE,FALSE,FALSE,FALSE,docs/_Registers/Deliverables.csv,CARRIED_FORWARD_METADATA_REFRESHED_FROM_REV05_REGISTERS
DEL-07-02,PKG-07,DEL-07-02,Model tree and property inspector,UX_UI_SLICE,"SOW-020,SOW-021",OBJ-006,M,SEMANTIC_READY,execution/PKG-07_Graphical User Interface and Engineering Workflow/1_Working/DEL-07-02_Model tree and property inspector,execution/PKG-07_Graphical User Interface and Engineering Workflow/1_Working/DEL-07-02_Model tree and property inspector/_CONTEXT.md,execution/PKG-07_Graphical User Interface and Engineering Workflow/1_Working/DEL-07-02_Model tree and property inspector/_DEPENDENCIES.md,FALSE,FALSE,FALSE,FALSE,docs/_Registers/Deliverables.csv,CARRIED_FORWARD_METADATA_REFRESHED_FROM_REV05_REGISTERS
DEL-07-03,PKG-07,DEL-07-03,"Material, component, and rule-pack editors",UX_UI_SLICE,SOW-021,OBJ-006,L,SEMANTIC_READY,"execution/PKG-07_Graphical User Interface and Engineering Workflow/1_Working/DEL-07-03_Material, component, and rule-pack editors","execution/PKG-07_Graphical User Interface and Engineering Workflow/1_Working/DEL-07-03_Material, component, and rule-pack editors/_CONTEXT.md","execution/PKG-07_Graphical User Interface and Engineering Workflow/1_Working/DEL-07-03_Material, component, and rule-pack editors/_DEPENDENCIES.md",FALSE,FALSE,FALSE,FALSE,docs/_Registers/Deliverables.csv,CARRIED_FORWARD_METADATA_REFRESHED_FROM_REV05_REGISTERS
DEL-07-04,PKG-07,DEL-07-04,Missing-data warning and blocking UX,UX_UI_SLICE,SOW-022,"OBJ-006,OBJ-011",M,SEMANTIC_READY,execution/PKG-07_Graphical User Interface and Engineering Workflow/1_Working/DEL-07-04_Missing-data warning and blocking UX,execution/PKG-07_Graphical User Interface and Engineering Workflow/1_Working/DEL-07-04_Missing-data warning and blocking UX/_CONTEXT.md,execution/PKG-07_Graphical User Interface and Engineering Workflow/1_Working/DEL-07-04_Missing-data warning and blocking UX/_DEPENDENCIES.md,FALSE,FALSE,FALSE,FALSE,docs/_Registers/Deliverables.csv,CARRIED_FORWARD_METADATA_REFRESHED_FROM_REV05_REGISTERS
DEL-07-05,PKG-07,DEL-07-05,Results viewer,UX_UI_SLICE,SOW-023,"OBJ-006,OBJ-007",L,SEMANTIC_READY,execution/PKG-07_Graphical User Interface and Engineering Workflow/1_Working/DEL-07-05_Results viewer,execution/PKG-07_Graphical User Interface and Engineering Workflow/1_Working/DEL-07-05_Results viewer/_CONTEXT.md,execution/PKG-07_Graphical User Interface and Engineering Workflow/1_Working/DEL-07-05_Results viewer/_DEPENDENCIES.md,FALSE,FALSE,FALSE,FALSE,docs/_Registers/Deliverables.csv,CARRIED_FORWARD_METADATA_REFRESHED_FROM_REV05_REGISTERS
DEL-07-06,PKG-07,DEL-07-06,Accessibility and usability baseline,UX_UI_SLICE,SOW-036,OBJ-006,M,SEMANTIC_READY,execution/PKG-07_Graphical User Interface and Engineering Workflow/1_Working/DEL-07-06_Accessibility and usability baseline,execution/PKG-07_Graphical User Interface and Engineering Workflow/1_Working/DEL-07-06_Accessibility and usability baseline/_CONTEXT.md,execution/PKG-07_Graphical User Interface and Engineering Workflow/1_Working/DEL-07-06_Accessibility and usability baseline/_DEPENDENCIES.md,FALSE,FALSE,FALSE,FALSE,docs/_Registers/Deliverables.csv,CARRIED_FORWARD_METADATA_REFRESHED_FROM_REV05_REGISTERS
DEL-07-07,PKG-07,DEL-07-07,"Solve execution UX: progress, cancellation, and diagnostics",UX_UI_SLICE,SOW-055,"OBJ-006,OBJ-007",M,SEMANTIC_READY,"execution/PKG-07_Graphical User Interface and Engineering Workflow/1_Working/DEL-07-07_Solve execution UX- progress, cancellation, and diagnostics","execution/PKG-07_Graphical User Interface and Engineering Workflow/1_Working/DEL-07-07_Solve execution UX- progress, cancellation, and diagnostics/_CONTEXT.md","execution/PKG-07_Graphical User Interface and Engineering Workflow/1_Working/DEL-07-07_Solve execution UX- progress, cancellation, and diagnostics/_DEPENDENCIES.md",FALSE,FALSE,FALSE,FALSE,docs/_Registers/Deliverables.csv,CARRIED_FORWARD_METADATA_REFRESHED_FROM_REV05_REGISTERS
DEL-07-08,PKG-07,DEL-07-08,Design-authoring state and comparison workspace,UX_UI_SLICE,SOW-076,"OBJ-015,OBJ-016",L,MISSING_CONTROL_SURFACE,execution/PKG-07_Graphical User Interface and Engineering Workflow/1_Working/DEL-07-08_Design-authoring state and comparison workspace,execution/PKG-07_Graphical User Interface and Engineering Workflow/1_Working/DEL-07-08_Design-authoring state and comparison workspace/_CONTEXT.md,execution/PKG-07_Graphical User Interface and Engineering Workflow/1_Working/DEL-07-08_Design-authoring state and comparison workspace/_DEPENDENCIES.md,FALSE,FALSE,FALSE,FALSE,docs/_Registers/Deliverables.csv,REV05_NODE_ADDED_ABSENT_FROM_DAG001; CONTROL_SURFACE_MISSING_PROPOSED_PATH_ONLY
DEL-08-01,PKG-08,DEL-08-01,Calculation report generator,BACKEND_FEATURE_SLICE,SOW-024,OBJ-007,L,CHECKING,"execution/PKG-08_Reporting, Audit, and Reproducibility/1_Working/DEL-08-01_Calculation report generator","execution/PKG-08_Reporting, Audit, and Reproducibility/1_Working/DEL-08-01_Calculation report generator/_CONTEXT.md","execution/PKG-08_Reporting, Audit, and Reproducibility/1_Working/DEL-08-01_Calculation report generator/_DEPENDENCIES.md",TRUE,FALSE,FALSE,FALSE,docs/_Registers/Deliverables.csv,CARRIED_FORWARD_METADATA_REFRESHED_FROM_REV05_REGISTERS
DEL-08-02,PKG-08,DEL-08-02,Audit manifest and model hash,BACKEND_FEATURE_SLICE,SOW-039,"OBJ-007,OBJ-012",M,CHECKING,"execution/PKG-08_Reporting, Audit, and Reproducibility/1_Working/DEL-08-02_Audit manifest and model hash","execution/PKG-08_Reporting, Audit, and Reproducibility/1_Working/DEL-08-02_Audit manifest and model hash/_CONTEXT.md","execution/PKG-08_Reporting, Audit, and Reproducibility/1_Working/DEL-08-02_Audit manifest and model hash/_DEPENDENCIES.md",TRUE,FALSE,FALSE,FALSE,docs/_Registers/Deliverables.csv,CARRIED_FORWARD_METADATA_REFRESHED_FROM_REV05_REGISTERS
DEL-08-03,PKG-08,DEL-08-03,"Warnings, assumptions, and provenance report section",BACKEND_FEATURE_SLICE,SOW-024,"OBJ-007,OBJ-011",M,CHECKING,"execution/PKG-08_Reporting, Audit, and Reproducibility/1_Working/DEL-08-03_Warnings, assumptions, and provenance report section","execution/PKG-08_Reporting, Audit, and Reproducibility/1_Working/DEL-08-03_Warnings, assumptions, and provenance report section/_CONTEXT.md","execution/PKG-08_Reporting, Audit, and Reproducibility/1_Working/DEL-08-03_Warnings, assumptions, and provenance report section/_DEPENDENCIES.md",TRUE,FALSE,FALSE,FALSE,docs/_Registers/Deliverables.csv,CARRIED_FORWARD_METADATA_REFRESHED_FROM_REV05_REGISTERS
DEL-08-04,PKG-08,DEL-08-04,Result export format,API_CONTRACT,SOW-046,"OBJ-007,OBJ-009",M,CHECKING,"execution/PKG-08_Reporting, Audit, and Reproducibility/1_Working/DEL-08-04_Result export format","execution/PKG-08_Reporting, Audit, and Reproducibility/1_Working/DEL-08-04_Result export format/_CONTEXT.md","execution/PKG-08_Reporting, Audit, and Reproducibility/1_Working/DEL-08-04_Result export format/_DEPENDENCIES.md",TRUE,FALSE,FALSE,FALSE,docs/_Registers/Deliverables.csv,CARRIED_FORWARD_METADATA_REFRESHED_FROM_REV05_REGISTERS
DEL-08-05,PKG-08,DEL-08-05,Report protected-content linter,TEST_SUITE,SOW-043,"OBJ-002,OBJ-007",M,CHECKING,"execution/PKG-08_Reporting, Audit, and Reproducibility/1_Working/DEL-08-05_Report protected-content linter","execution/PKG-08_Reporting, Audit, and Reproducibility/1_Working/DEL-08-05_Report protected-content linter/_CONTEXT.md","execution/PKG-08_Reporting, Audit, and Reproducibility/1_Working/DEL-08-05_Report protected-content linter/_DEPENDENCIES.md",TRUE,FALSE,FALSE,FALSE,docs/_Registers/Deliverables.csv,CARRIED_FORWARD_METADATA_REFRESHED_FROM_REV05_REGISTERS
DEL-08-06,PKG-08,DEL-08-06,"State, comparison, and handoff report sections",BACKEND_FEATURE_SLICE,SOW-024,"OBJ-007,OBJ-016,OBJ-017,OBJ-018",M,MISSING_CONTROL_SURFACE,"execution/PKG-08_Reporting, Audit, and Reproducibility/1_Working/DEL-08-06_State, comparison, and handoff report sections","execution/PKG-08_Reporting, Audit, and Reproducibility/1_Working/DEL-08-06_State, comparison, and handoff report sections/_CONTEXT.md","execution/PKG-08_Reporting, Audit, and Reproducibility/1_Working/DEL-08-06_State, comparison, and handoff report sections/_DEPENDENCIES.md",FALSE,FALSE,FALSE,FALSE,docs/_Registers/Deliverables.csv,REV05_NODE_ADDED_ABSENT_FROM_DAG001; CONTROL_SURFACE_MISSING_PROPOSED_PATH_ONLY
DEL-09-01,PKG-09,DEL-09-01,Mechanics benchmark suite,TEST_SUITE,SOW-026,OBJ-008,M,CHECKING,"execution/PKG-09_Verification, Validation, and Quality Oracles/1_Working/DEL-09-01_Mechanics benchmark suite","execution/PKG-09_Verification, Validation, and Quality Oracles/1_Working/DEL-09-01_Mechanics benchmark suite/_CONTEXT.md","execution/PKG-09_Verification, Validation, and Quality Oracles/1_Working/DEL-09-01_Mechanics benchmark suite/_DEPENDENCIES.md",TRUE,FALSE,FALSE,FALSE,docs/_Registers/Deliverables.csv,CARRIED_FORWARD_METADATA_REFRESHED_FROM_REV05_REGISTERS
DEL-09-02,PKG-09,DEL-09-02,Stress recovery benchmark suite,TEST_SUITE,SOW-026,OBJ-008,M,CHECKING,"execution/PKG-09_Verification, Validation, and Quality Oracles/1_Working/DEL-09-02_Stress recovery benchmark suite","execution/PKG-09_Verification, Validation, and Quality Oracles/1_Working/DEL-09-02_Stress recovery benchmark suite/_CONTEXT.md","execution/PKG-09_Verification, Validation, and Quality Oracles/1_Working/DEL-09-02_Stress recovery benchmark suite/_DEPENDENCIES.md",TRUE,FALSE,FALSE,FALSE,docs/_Registers/Deliverables.csv,CARRIED_FORWARD_METADATA_REFRESHED_FROM_REV05_REGISTERS
DEL-09-03,PKG-09,DEL-09-03,Nonlinear support regression suite,TEST_SUITE,SOW-026,OBJ-008,M,SEMANTIC_READY,"execution/PKG-09_Verification, Validation, and Quality Oracles/1_Working/DEL-09-03_Nonlinear support regression suite","execution/PKG-09_Verification, Validation, and Quality Oracles/1_Working/DEL-09-03_Nonlinear support regression suite/_CONTEXT.md","execution/PKG-09_Verification, Validation, and Quality Oracles/1_Working/DEL-09-03_Nonlinear support regression suite/_DEPENDENCIES.md",FALSE,FALSE,FALSE,FALSE,docs/_Registers/Deliverables.csv,CARRIED_FORWARD_METADATA_REFRESHED_FROM_REV05_REGISTERS
DEL-09-04,PKG-09,DEL-09-04,Validation manual skeleton,DOC_UPDATE,SOW-027,"OBJ-008,OBJ-011",M,SEMANTIC_READY,"execution/PKG-09_Verification, Validation, and Quality Oracles/1_Working/DEL-09-04_Validation manual skeleton","execution/PKG-09_Verification, Validation, and Quality Oracles/1_Working/DEL-09-04_Validation manual skeleton/_CONTEXT.md","execution/PKG-09_Verification, Validation, and Quality Oracles/1_Working/DEL-09-04_Validation manual skeleton/_DEPENDENCIES.md",FALSE,FALSE,FALSE,FALSE,docs/_Registers/Deliverables.csv,CARRIED_FORWARD_METADATA_REFRESHED_FROM_REV05_REGISTERS
DEL-09-05,PKG-09,DEL-09-05,Release quality gate checklist,CI_CD_CHANGE,"SOW-026,SOW-027",OBJ-008,M,SEMANTIC_READY,"execution/PKG-09_Verification, Validation, and Quality Oracles/1_Working/DEL-09-05_Release quality gate checklist","execution/PKG-09_Verification, Validation, and Quality Oracles/1_Working/DEL-09-05_Release quality gate checklist/_CONTEXT.md","execution/PKG-09_Verification, Validation, and Quality Oracles/1_Working/DEL-09-05_Release quality gate checklist/_DEPENDENCIES.md",FALSE,FALSE,FALSE,FALSE,docs/_Registers/Deliverables.csv,CARRIED_FORWARD_METADATA_REFRESHED_FROM_REV05_REGISTERS
DEL-10-01,PKG-10,DEL-10-01,Public API and plugin boundary,API_CONTRACT,SOW-030,OBJ-009,M,CHECKING,"execution/PKG-10_Build, Packaging, API, and Interoperability/1_Working/DEL-10-01_Public API and plugin boundary","execution/PKG-10_Build, Packaging, API, and Interoperability/1_Working/DEL-10-01_Public API and plugin boundary/_CONTEXT.md","execution/PKG-10_Build, Packaging, API, and Interoperability/1_Working/DEL-10-01_Public API and plugin boundary/_DEPENDENCIES.md",TRUE,FALSE,FALSE,FALSE,docs/_Registers/Deliverables.csv,CARRIED_FORWARD_METADATA_REFRESHED_FROM_REV05_REGISTERS
DEL-10-02,PKG-10,DEL-10-02,Import/export adapter framework,BACKEND_FEATURE_SLICE,SOW-030,OBJ-009,L,CHECKING,"execution/PKG-10_Build, Packaging, API, and Interoperability/1_Working/DEL-10-02_Import-export adapter framework","execution/PKG-10_Build, Packaging, API, and Interoperability/1_Working/DEL-10-02_Import-export adapter framework/_CONTEXT.md","execution/PKG-10_Build, Packaging, API, and Interoperability/1_Working/DEL-10-02_Import-export adapter framework/_DEPENDENCIES.md",TRUE,FALSE,FALSE,FALSE,docs/_Registers/Deliverables.csv,CARRIED_FORWARD_METADATA_REFRESHED_FROM_REV05_REGISTERS
DEL-10-03,PKG-10,DEL-10-03,Local FEA handoff data contract,API_CONTRACT,"SOW-031,SOW-049",OBJ-009,M,SEMANTIC_READY,"execution/PKG-10_Build, Packaging, API, and Interoperability/1_Working/DEL-10-03_Local FEA handoff data contract","execution/PKG-10_Build, Packaging, API, and Interoperability/1_Working/DEL-10-03_Local FEA handoff data contract/_CONTEXT.md","execution/PKG-10_Build, Packaging, API, and Interoperability/1_Working/DEL-10-03_Local FEA handoff data contract/_DEPENDENCIES.md",FALSE,FALSE,FALSE,FALSE,docs/_Registers/Deliverables.csv,CARRIED_FORWARD_METADATA_REFRESHED_FROM_REV05_REGISTERS
DEL-10-04,PKG-10,DEL-10-04,"Build, packaging, and CI/CD pipeline",CI_CD_CHANGE,SOW-032,"OBJ-008,OBJ-009",L,SEMANTIC_READY,"execution/PKG-10_Build, Packaging, API, and Interoperability/1_Working/DEL-10-04_Build, packaging, and CI-CD pipeline","execution/PKG-10_Build, Packaging, API, and Interoperability/1_Working/DEL-10-04_Build, packaging, and CI-CD pipeline/_CONTEXT.md","execution/PKG-10_Build, Packaging, API, and Interoperability/1_Working/DEL-10-04_Build, packaging, and CI-CD pipeline/_DEPENDENCIES.md",FALSE,FALSE,FALSE,FALSE,docs/_Registers/Deliverables.csv,CARRIED_FORWARD_METADATA_REFRESHED_FROM_REV05_REGISTERS
DEL-10-05,PKG-10,DEL-10-05,Headless CLI and structured I/O analysis runner,BACKEND_FEATURE_SLICE,"SOW-054,SOW-032","OBJ-008,OBJ-009,OBJ-012",M,CHECKING,"execution/PKG-10_Build, Packaging, API, and Interoperability/1_Working/DEL-10-05_Headless CLI and structured I-O analysis runner","execution/PKG-10_Build, Packaging, API, and Interoperability/1_Working/DEL-10-05_Headless CLI and structured I-O analysis runner/_CONTEXT.md","execution/PKG-10_Build, Packaging, API, and Interoperability/1_Working/DEL-10-05_Headless CLI and structured I-O analysis runner/_DEPENDENCIES.md",TRUE,FALSE,FALSE,FALSE,docs/_Registers/Deliverables.csv,CARRIED_FORWARD_METADATA_REFRESHED_FROM_REV05_REGISTERS
DEL-11-01,PKG-11,DEL-11-01,User guide skeleton,DOC_UPDATE,SOW-033,"OBJ-001,OBJ-011",M,SEMANTIC_READY,"execution/PKG-11_Documentation, Examples, and Education/1_Working/DEL-11-01_User guide skeleton","execution/PKG-11_Documentation, Examples, and Education/1_Working/DEL-11-01_User guide skeleton/_CONTEXT.md","execution/PKG-11_Documentation, Examples, and Education/1_Working/DEL-11-01_User guide skeleton/_DEPENDENCIES.md",FALSE,FALSE,FALSE,FALSE,docs/_Registers/Deliverables.csv,CARRIED_FORWARD_METADATA_REFRESHED_FROM_REV05_REGISTERS
DEL-11-02,PKG-11,DEL-11-02,Developer guide for solver and rule packs,DOC_UPDATE,SOW-033,"OBJ-001,OBJ-002",M,SEMANTIC_READY,"execution/PKG-11_Documentation, Examples, and Education/1_Working/DEL-11-02_Developer guide for solver and rule packs","execution/PKG-11_Documentation, Examples, and Education/1_Working/DEL-11-02_Developer guide for solver and rule packs/_CONTEXT.md","execution/PKG-11_Documentation, Examples, and Education/1_Working/DEL-11-02_Developer guide for solver and rule packs/_DEPENDENCIES.md",FALSE,FALSE,FALSE,FALSE,docs/_Registers/Deliverables.csv,CARRIED_FORWARD_METADATA_REFRESHED_FROM_REV05_REGISTERS
DEL-11-03,PKG-11,DEL-11-03,Theory notes: classical to modern centerline analysis,DOC_UPDATE,SOW-033,"OBJ-001,OBJ-003",M,SEMANTIC_READY,"execution/PKG-11_Documentation, Examples, and Education/1_Working/DEL-11-03_Theory notes- classical to modern centerline analysis","execution/PKG-11_Documentation, Examples, and Education/1_Working/DEL-11-03_Theory notes- classical to modern centerline analysis/_CONTEXT.md","execution/PKG-11_Documentation, Examples, and Education/1_Working/DEL-11-03_Theory notes- classical to modern centerline analysis/_DEPENDENCIES.md",FALSE,FALSE,FALSE,FALSE,docs/_Registers/Deliverables.csv,CARRIED_FORWARD_METADATA_REFRESHED_FROM_REV05_REGISTERS
DEL-11-04,PKG-11,DEL-11-04,Invented educational example models,DOC_UPDATE,SOW-033,"OBJ-001,OBJ-008",M,SEMANTIC_READY,"execution/PKG-11_Documentation, Examples, and Education/1_Working/DEL-11-04_Invented educational example models","execution/PKG-11_Documentation, Examples, and Education/1_Working/DEL-11-04_Invented educational example models/_CONTEXT.md","execution/PKG-11_Documentation, Examples, and Education/1_Working/DEL-11-04_Invented educational example models/_DEPENDENCIES.md",FALSE,FALSE,FALSE,FALSE,docs/_Registers/Deliverables.csv,CARRIED_FORWARD_METADATA_REFRESHED_FROM_REV05_REGISTERS
DEL-11-05,PKG-11,DEL-11-05,Contributor tutorial and onboarding,DOC_UPDATE,SOW-033,"OBJ-001,OBJ-002",S,SEMANTIC_READY,"execution/PKG-11_Documentation, Examples, and Education/1_Working/DEL-11-05_Contributor tutorial and onboarding","execution/PKG-11_Documentation, Examples, and Education/1_Working/DEL-11-05_Contributor tutorial and onboarding/_CONTEXT.md","execution/PKG-11_Documentation, Examples, and Education/1_Working/DEL-11-05_Contributor tutorial and onboarding/_DEPENDENCIES.md",FALSE,FALSE,FALSE,FALSE,docs/_Registers/Deliverables.csv,CARRIED_FORWARD_METADATA_REFRESHED_FROM_REV05_REGISTERS
DEL-12-01,PKG-12,DEL-12-01,Local-first storage and private data paths,SECURITY_CONTROL,SOW-029,OBJ-010,M,CHECKING,"execution/PKG-12_Security, Privacy, and Private Data Handling/1_Working/DEL-12-01_Local-first storage and private data paths","execution/PKG-12_Security, Privacy, and Private Data Handling/1_Working/DEL-12-01_Local-first storage and private data paths/_CONTEXT.md","execution/PKG-12_Security, Privacy, and Private Data Handling/1_Working/DEL-12-01_Local-first storage and private data paths/_DEPENDENCIES.md",TRUE,FALSE,FALSE,FALSE,docs/_Registers/Deliverables.csv,CARRIED_FORWARD_METADATA_REFRESHED_FROM_REV05_REGISTERS
DEL-12-02,PKG-12,DEL-12-02,Private data redaction and export controls,SECURITY_CONTROL,SOW-040,OBJ-010,M,SEMANTIC_READY,"execution/PKG-12_Security, Privacy, and Private Data Handling/1_Working/DEL-12-02_Private data redaction and export controls","execution/PKG-12_Security, Privacy, and Private Data Handling/1_Working/DEL-12-02_Private data redaction and export controls/_CONTEXT.md","execution/PKG-12_Security, Privacy, and Private Data Handling/1_Working/DEL-12-02_Private data redaction and export controls/_DEPENDENCIES.md",FALSE,FALSE,FALSE,FALSE,docs/_Registers/Deliverables.csv,CARRIED_FORWARD_METADATA_REFRESHED_FROM_REV05_REGISTERS
DEL-12-03,PKG-12,DEL-12-03,Telemetry off-by-default design,SECURITY_CONTROL,SOW-037,OBJ-010,S,CHECKING,"execution/PKG-12_Security, Privacy, and Private Data Handling/1_Working/DEL-12-03_Telemetry off-by-default design","execution/PKG-12_Security, Privacy, and Private Data Handling/1_Working/DEL-12-03_Telemetry off-by-default design/_CONTEXT.md","execution/PKG-12_Security, Privacy, and Private Data Handling/1_Working/DEL-12-03_Telemetry off-by-default design/_DEPENDENCIES.md",TRUE,FALSE,FALSE,FALSE,docs/_Registers/Deliverables.csv,CARRIED_FORWARD_METADATA_REFRESHED_FROM_REV05_REGISTERS
DEL-12-04,PKG-12,DEL-12-04,Secret and private-library handling,SECURITY_CONTROL,"SOW-040,SOW-029",OBJ-010,M,SEMANTIC_READY,"execution/PKG-12_Security, Privacy, and Private Data Handling/1_Working/DEL-12-04_Secret and private-library handling","execution/PKG-12_Security, Privacy, and Private Data Handling/1_Working/DEL-12-04_Secret and private-library handling/_CONTEXT.md","execution/PKG-12_Security, Privacy, and Private Data Handling/1_Working/DEL-12-04_Secret and private-library handling/_DEPENDENCIES.md",FALSE,FALSE,FALSE,FALSE,docs/_Registers/Deliverables.csv,CARRIED_FORWARD_METADATA_REFRESHED_FROM_REV05_REGISTERS
DEL-12-05,PKG-12,DEL-12-05,Security threat model,DOC_UPDATE,SOW-040,OBJ-010,M,CHECKING,"execution/PKG-12_Security, Privacy, and Private Data Handling/1_Working/DEL-12-05_Security threat model","execution/PKG-12_Security, Privacy, and Private Data Handling/1_Working/DEL-12-05_Security threat model/_CONTEXT.md","execution/PKG-12_Security, Privacy, and Private Data Handling/1_Working/DEL-12-05_Security threat model/_DEPENDENCIES.md",TRUE,FALSE,FALSE,FALSE,docs/_Registers/Deliverables.csv,CARRIED_FORWARD_METADATA_REFRESHED_FROM_REV05_REGISTERS
DEL-13-01,PKG-13,DEL-13-01,Design knowledge schema and provenance model,DATA_MODEL_CHANGE,SOW-067,OBJ-014,M,MISSING_CONTROL_SURFACE,execution/PKG-13_Physical Design Knowledge and Constraint Engine/1_Working/DEL-13-01_Design knowledge schema and provenance model,execution/PKG-13_Physical Design Knowledge and Constraint Engine/1_Working/DEL-13-01_Design knowledge schema and provenance model/_CONTEXT.md,execution/PKG-13_Physical Design Knowledge and Constraint Engine/1_Working/DEL-13-01_Design knowledge schema and provenance model/_DEPENDENCIES.md,FALSE,FALSE,FALSE,FALSE,docs/_Registers/Deliverables.csv,REV05_NODE_ADDED_ABSENT_FROM_DAG001; CONTROL_SURFACE_MISSING_PROPOSED_PATH_ONLY
DEL-13-02,PKG-13,DEL-13-02,Constraint entity and provenance model,DATA_MODEL_CHANGE,"SOW-068,SOW-067","OBJ-014,OBJ-018",M,MISSING_CONTROL_SURFACE,execution/PKG-13_Physical Design Knowledge and Constraint Engine/1_Working/DEL-13-02_Constraint entity and provenance model,execution/PKG-13_Physical Design Knowledge and Constraint Engine/1_Working/DEL-13-02_Constraint entity and provenance model/_CONTEXT.md,execution/PKG-13_Physical Design Knowledge and Constraint Engine/1_Working/DEL-13-02_Constraint entity and provenance model/_DEPENDENCIES.md,FALSE,FALSE,FALSE,FALSE,docs/_Registers/Deliverables.csv,REV05_NODE_ADDED_ABSENT_FROM_DAG001; CONTROL_SURFACE_MISSING_PROPOSED_PATH_ONLY
DEL-13-03,PKG-13,DEL-13-03,Constraint validation engine,BACKEND_FEATURE_SLICE,SOW-068,OBJ-014,M,MISSING_CONTROL_SURFACE,execution/PKG-13_Physical Design Knowledge and Constraint Engine/1_Working/DEL-13-03_Constraint validation engine,execution/PKG-13_Physical Design Knowledge and Constraint Engine/1_Working/DEL-13-03_Constraint validation engine/_CONTEXT.md,execution/PKG-13_Physical Design Knowledge and Constraint Engine/1_Working/DEL-13-03_Constraint validation engine/_DEPENDENCIES.md,FALSE,FALSE,FALSE,FALSE,docs/_Registers/Deliverables.csv,REV05_NODE_ADDED_ABSENT_FROM_DAG001; CONTROL_SURFACE_MISSING_PROPOSED_PATH_ONLY
DEL-13-04,PKG-13,DEL-13-04,Physical-to-analytical transformation contract,BACKEND_FEATURE_SLICE,SOW-066,OBJ-014,L,MISSING_CONTROL_SURFACE,execution/PKG-13_Physical Design Knowledge and Constraint Engine/1_Working/DEL-13-04_Physical-to-analytical transformation contract,execution/PKG-13_Physical Design Knowledge and Constraint Engine/1_Working/DEL-13-04_Physical-to-analytical transformation contract/_CONTEXT.md,execution/PKG-13_Physical Design Knowledge and Constraint Engine/1_Working/DEL-13-04_Physical-to-analytical transformation contract/_DEPENDENCIES.md,FALSE,FALSE,FALSE,FALSE,docs/_Registers/Deliverables.csv,REV05_NODE_ADDED_ABSENT_FROM_DAG001; CONTROL_SURFACE_MISSING_PROPOSED_PATH_ONLY
DEL-14-01,PKG-14,DEL-14-01,Immutable model state records,DATA_MODEL_CHANGE,SOW-071,OBJ-016,M,MISSING_CONTROL_SURFACE,"execution/PKG-14_Model States, Analysis Runs, and Comparison/1_Working/DEL-14-01_Immutable model state records","execution/PKG-14_Model States, Analysis Runs, and Comparison/1_Working/DEL-14-01_Immutable model state records/_CONTEXT.md","execution/PKG-14_Model States, Analysis Runs, and Comparison/1_Working/DEL-14-01_Immutable model state records/_DEPENDENCIES.md",FALSE,FALSE,FALSE,FALSE,docs/_Registers/Deliverables.csv,REV05_NODE_ADDED_ABSENT_FROM_DAG001; CONTROL_SURFACE_MISSING_PROPOSED_PATH_ONLY
DEL-14-02,PKG-14,DEL-14-02,Analysis run records,DATA_MODEL_CHANGE,SOW-072,OBJ-016,M,MISSING_CONTROL_SURFACE,"execution/PKG-14_Model States, Analysis Runs, and Comparison/1_Working/DEL-14-02_Analysis run records","execution/PKG-14_Model States, Analysis Runs, and Comparison/1_Working/DEL-14-02_Analysis run records/_CONTEXT.md","execution/PKG-14_Model States, Analysis Runs, and Comparison/1_Working/DEL-14-02_Analysis run records/_DEPENDENCIES.md",FALSE,FALSE,FALSE,FALSE,docs/_Registers/Deliverables.csv,REV05_NODE_ADDED_ABSENT_FROM_DAG001; CONTROL_SURFACE_MISSING_PROPOSED_PATH_ONLY
DEL-14-03,PKG-14,DEL-14-03,Model-state comparison engine,BACKEND_FEATURE_SLICE,"SOW-073,SOW-071",OBJ-016,L,MISSING_CONTROL_SURFACE,"execution/PKG-14_Model States, Analysis Runs, and Comparison/1_Working/DEL-14-03_Model-state comparison engine","execution/PKG-14_Model States, Analysis Runs, and Comparison/1_Working/DEL-14-03_Model-state comparison engine/_CONTEXT.md","execution/PKG-14_Model States, Analysis Runs, and Comparison/1_Working/DEL-14-03_Model-state comparison engine/_DEPENDENCIES.md",FALSE,FALSE,FALSE,FALSE,docs/_Registers/Deliverables.csv,REV05_NODE_ADDED_ABSENT_FROM_DAG001; CONTROL_SURFACE_MISSING_PROPOSED_PATH_ONLY
DEL-14-04,PKG-14,DEL-14-04,Analysis-run comparison engine,BACKEND_FEATURE_SLICE,"SOW-073,SOW-072",OBJ-016,L,MISSING_CONTROL_SURFACE,"execution/PKG-14_Model States, Analysis Runs, and Comparison/1_Working/DEL-14-04_Analysis-run comparison engine","execution/PKG-14_Model States, Analysis Runs, and Comparison/1_Working/DEL-14-04_Analysis-run comparison engine/_CONTEXT.md","execution/PKG-14_Model States, Analysis Runs, and Comparison/1_Working/DEL-14-04_Analysis-run comparison engine/_DEPENDENCIES.md",FALSE,FALSE,FALSE,FALSE,docs/_Registers/Deliverables.csv,REV05_NODE_ADDED_ABSENT_FROM_DAG001; CONTROL_SURFACE_MISSING_PROPOSED_PATH_ONLY
DEL-14-05,PKG-14,DEL-14-05,"Comparison mapping, tolerance, and export contracts",API_CONTRACT,SOW-073,OBJ-016,M,MISSING_CONTROL_SURFACE,"execution/PKG-14_Model States, Analysis Runs, and Comparison/1_Working/DEL-14-05_Comparison mapping, tolerance, and export contracts","execution/PKG-14_Model States, Analysis Runs, and Comparison/1_Working/DEL-14-05_Comparison mapping, tolerance, and export contracts/_CONTEXT.md","execution/PKG-14_Model States, Analysis Runs, and Comparison/1_Working/DEL-14-05_Comparison mapping, tolerance, and export contracts/_DEPENDENCIES.md",FALSE,FALSE,FALSE,FALSE,docs/_Registers/Deliverables.csv,REV05_NODE_ADDED_ABSENT_FROM_DAG001; CONTROL_SURFACE_MISSING_PROPOSED_PATH_ONLY
DEL-15-01,PKG-15,DEL-15-01,Canonical handoff package schema and manifest,API_CONTRACT,SOW-074,OBJ-017,M,MISSING_CONTROL_SURFACE,execution/PKG-15_Handoff and External Prover Workflow/1_Working/DEL-15-01_Canonical handoff package schema and manifest,execution/PKG-15_Handoff and External Prover Workflow/1_Working/DEL-15-01_Canonical handoff package schema and manifest/_CONTEXT.md,execution/PKG-15_Handoff and External Prover Workflow/1_Working/DEL-15-01_Canonical handoff package schema and manifest/_DEPENDENCIES.md,FALSE,FALSE,FALSE,FALSE,docs/_Registers/Deliverables.csv,REV05_NODE_ADDED_ABSENT_FROM_DAG001; CONTROL_SURFACE_MISSING_PROPOSED_PATH_ONLY
DEL-15-02,PKG-15,DEL-15-02,Target mapping and unsupported-behavior contract,API_CONTRACT,SOW-074,OBJ-017,M,MISSING_CONTROL_SURFACE,execution/PKG-15_Handoff and External Prover Workflow/1_Working/DEL-15-02_Target mapping and unsupported-behavior contract,execution/PKG-15_Handoff and External Prover Workflow/1_Working/DEL-15-02_Target mapping and unsupported-behavior contract/_CONTEXT.md,execution/PKG-15_Handoff and External Prover Workflow/1_Working/DEL-15-02_Target mapping and unsupported-behavior contract/_DEPENDENCIES.md,FALSE,FALSE,FALSE,FALSE,docs/_Registers/Deliverables.csv,REV05_NODE_ADDED_ABSENT_FROM_DAG001; CONTROL_SURFACE_MISSING_PROPOSED_PATH_ONLY
DEL-15-03,PKG-15,DEL-15-03,Downstream modeling export workflow,BACKEND_FEATURE_SLICE,SOW-074,OBJ-017,L,MISSING_CONTROL_SURFACE,execution/PKG-15_Handoff and External Prover Workflow/1_Working/DEL-15-03_Downstream modeling export workflow,execution/PKG-15_Handoff and External Prover Workflow/1_Working/DEL-15-03_Downstream modeling export workflow/_CONTEXT.md,execution/PKG-15_Handoff and External Prover Workflow/1_Working/DEL-15-03_Downstream modeling export workflow/_DEPENDENCIES.md,FALSE,FALSE,FALSE,FALSE,docs/_Registers/Deliverables.csv,REV05_NODE_ADDED_ABSENT_FROM_DAG001; CONTROL_SURFACE_MISSING_PROPOSED_PATH_ONLY
DEL-15-04,PKG-15,DEL-15-04,External prover boundary metadata,DATA_MODEL_CHANGE,SOW-075,"OBJ-017,OBJ-018",M,MISSING_CONTROL_SURFACE,execution/PKG-15_Handoff and External Prover Workflow/1_Working/DEL-15-04_External prover boundary metadata,execution/PKG-15_Handoff and External Prover Workflow/1_Working/DEL-15-04_External prover boundary metadata/_CONTEXT.md,execution/PKG-15_Handoff and External Prover Workflow/1_Working/DEL-15-04_External prover boundary metadata/_DEPENDENCIES.md,FALSE,FALSE,FALSE,FALSE,docs/_Registers/Deliverables.csv,REV05_NODE_ADDED_ABSENT_FROM_DAG001; CONTROL_SURFACE_MISSING_PROPOSED_PATH_ONLY
DEL-16-01,PKG-16,DEL-16-01,Structured model operation schema,DATA_MODEL_CHANGE,SOW-069,OBJ-015,M,MISSING_CONTROL_SURFACE,execution/PKG-16_Model Operation and Agent Proposal Framework/1_Working/DEL-16-01_Structured model operation schema,execution/PKG-16_Model Operation and Agent Proposal Framework/1_Working/DEL-16-01_Structured model operation schema/_CONTEXT.md,execution/PKG-16_Model Operation and Agent Proposal Framework/1_Working/DEL-16-01_Structured model operation schema/_DEPENDENCIES.md,FALSE,FALSE,FALSE,FALSE,docs/_Registers/Deliverables.csv,REV05_NODE_ADDED_ABSENT_FROM_DAG001; CONTROL_SURFACE_MISSING_PROPOSED_PATH_ONLY
DEL-16-02,PKG-16,DEL-16-02,Operation validation and diff preview,BACKEND_FEATURE_SLICE,SOW-069,OBJ-015,M,MISSING_CONTROL_SURFACE,execution/PKG-16_Model Operation and Agent Proposal Framework/1_Working/DEL-16-02_Operation validation and diff preview,execution/PKG-16_Model Operation and Agent Proposal Framework/1_Working/DEL-16-02_Operation validation and diff preview/_CONTEXT.md,execution/PKG-16_Model Operation and Agent Proposal Framework/1_Working/DEL-16-02_Operation validation and diff preview/_DEPENDENCIES.md,FALSE,FALSE,FALSE,FALSE,docs/_Registers/Deliverables.csv,REV05_NODE_ADDED_ABSENT_FROM_DAG001; CONTROL_SURFACE_MISSING_PROPOSED_PATH_ONLY
DEL-16-03,PKG-16,DEL-16-03,User acceptance and operation audit trail,BACKEND_FEATURE_SLICE,"SOW-069,SOW-070",OBJ-015,M,MISSING_CONTROL_SURFACE,execution/PKG-16_Model Operation and Agent Proposal Framework/1_Working/DEL-16-03_User acceptance and operation audit trail,execution/PKG-16_Model Operation and Agent Proposal Framework/1_Working/DEL-16-03_User acceptance and operation audit trail/_CONTEXT.md,execution/PKG-16_Model Operation and Agent Proposal Framework/1_Working/DEL-16-03_User acceptance and operation audit trail/_DEPENDENCIES.md,FALSE,FALSE,FALSE,FALSE,docs/_Registers/Deliverables.csv,REV05_NODE_ADDED_ABSENT_FROM_DAG001; CONTROL_SURFACE_MISSING_PROPOSED_PATH_ONLY
DEL-16-04,PKG-16,DEL-16-04,Agent rationale and professional-boundary controls,SECURITY_CONTROL,SOW-070,"OBJ-015,OBJ-018",S,MISSING_CONTROL_SURFACE,execution/PKG-16_Model Operation and Agent Proposal Framework/1_Working/DEL-16-04_Agent rationale and professional-boundary controls,execution/PKG-16_Model Operation and Agent Proposal Framework/1_Working/DEL-16-04_Agent rationale and professional-boundary controls/_CONTEXT.md,execution/PKG-16_Model Operation and Agent Proposal Framework/1_Working/DEL-16-04_Agent rationale and professional-boundary controls/_DEPENDENCIES.md,FALSE,FALSE,FALSE,FALSE,docs/_Registers/Deliverables.csv,REV05_NODE_ADDED_ABSENT_FROM_DAG001; CONTROL_SURFACE_MISSING_PROPOSED_PATH_ONLY
